Category,Customer Query,Answer
Luxury Retail,What are your store hours?,Our store hours vary by location. Please check our website for details.
Luxury Retail,Do you offer international shipping?,"Yes, we offer international shipping to selected countries."
Luxury Retail,What is your return policy?,You can return items within 30 days with the original receipt and packaging.
Luxury Retail,How can I track my order?,You can track your order using the tracking number provided in your confirmation email.
Luxury Retail,Do you offer gift wrapping?,"Yes, we provide complimentary gift wrapping for all purchases."
Luxury Retail,What payment methods do you accept?,Please visit our website or contact support for more details.
Luxury Retail,Are there any ongoing promotions or discounts?,Please visit our website or contact support for more details.
Luxury Retail,Can I customize a product?,Please visit our website or contact support for more details.
Luxury Retail,How do I check the authenticity of your products?,Please visit our website or contact support for more details.
Luxury Retail,Do you have a loyalty program?,Please visit our website or contact support for more details.
Luxury Retail,How can I redeem my loyalty points?,Please visit our website or contact support for more details.
Luxury Retail,Can I schedule a personal shopping appointment?,Please visit our website or contact support for more details.
Luxury Retail,What luxury brands do you carry?,Please visit our website or contact support for more details.
Luxury Retail,Do you have an online store?,Please visit our website or contact support for more details.
Luxury Retail,How do I know my size for clothing or shoes?,Please visit our website or contact support for more details.
Luxury Retail,What is your exchange policy?,Please visit our website or contact support for more details.
Luxury Retail,Do you offer financing options for purchases?,Please visit our website or contact support for more details.
Luxury Retail,Are your products ethically sourced?,Please visit our website or contact support for more details.
Luxury Retail,Can I reserve an item before purchasing?,Please visit our website or contact support for more details.
Luxury Retail,Do you offer corporate gifting solutions?,Please visit our website or contact support for more details.
Luxury Retail,What materials are used in your products?,Please visit our website or contact support for more details.
Luxury Retail,How do I care for my luxury handbags?,Please visit our website or contact support for more details.
Luxury Retail,Can I return an online order in-store?,Please visit our website or contact support for more details.
Luxury Retail,Do you offer concierge services?,Please visit our website or contact support for more details.
Luxury Retail,Are there VIP shopping experiences available?,Please visit our website or contact support for more details.
Luxury Retail,How can I sign up for exclusive events?,Please visit our website or contact support for more details.
Luxury Retail,Do you offer gift cards?,Please visit our website or contact support for more details.
Luxury Retail,Can I combine multiple discounts or promotions?,Please visit our website or contact support for more details.
Luxury Retail,How do I cancel my order?,Please visit our website or contact support for more details.
Luxury Retail,Do you have a repair service for damaged items?,Please visit our website or contact support for more details.
Jewellery,Are your diamonds certified?,"Yes, all our diamonds are certified by reputable gemological institutes."
Jewellery,What types of metals do you use?,"We use gold, platinum, silver, and other high-quality metals."
Jewellery,Do you offer custom jewelry designs?,"Yes, we provide custom jewelry design services. Contact us for details."
Jewellery,Can I resize a ring after purchase?,"Yes, we offer ring resizing services within a specific time frame."
Jewellery,What is your return policy on jewelry?,Jewelry can be returned within 14 days if unworn and in original condition.
Jewellery,How do I clean and maintain my jewelry?,Please visit our website or contact support for more details.
Jewellery,Do you provide insurance for jewelry?,Please visit our website or contact support for more details.
Jewellery,Are your gemstones ethically sourced?,Please visit our website or contact support for more details.
Jewellery,What’s the difference between natural and lab-grown diamonds?,Please visit our website or contact support for more details.
Jewellery,Can I trade in my old jewelry for a new piece?,Please visit our website or contact support for more details.
Jewellery,How do I determine my ring size?,Please visit our website or contact support for more details.
Jewellery,Do you offer engraving services?,Please visit our website or contact support for more details.
Jewellery,What’s the best way to store fine jewelry?,Please visit our website or contact support for more details.
Jewellery,Can I get my jewelry appraised?,Please visit our website or contact support for more details.
Jewellery,Do you sell conflict-free diamonds?,Please visit our website or contact support for more details.
Jewellery,What are your most popular engagement rings?,Please visit our website or contact support for more details.
Jewellery,Do you offer lifetime warranty on jewelry?,Please visit our website or contact support for more details.
Jewellery,Can I design my own engagement ring?,Please visit our website or contact support for more details.
Jewellery,How long does it take for a custom jewelry order?,Please visit our website or contact support for more details.
Jewellery,What are the 4Cs of diamond grading?,Please visit our website or contact support for more details.
Wellness,What wellness services do you offer?,"We offer spa treatments, skincare consultations, and wellness coaching."
Wellness,Do you provide organic wellness products?,"Yes, we have a range of organic and cruelty-free wellness products."
Wellness,Are your spa treatments safe for pregnant women?,"Yes, we offer pregnancy-safe treatments. Please consult our specialists."
Wellness,What skincare brands do you carry?,We carry premium skincare brands known for their quality and effectiveness.
Wellness,Do you have vegan beauty products?,"Yes, we have a variety of vegan and cruelty-free beauty products."
Wellness,Can I book an appointment online?,Please visit our website or contact support for more details.
Wellness,What’s the best skincare routine for sensitive skin?,Please visit our website or contact support for more details.
Wellness,How do I choose the right essential oils?,Please visit our website or contact support for more details.
Wellness,Do you offer home delivery for wellness products?,Please visit our website or contact support for more details.
Wellness,What’s the shelf life of your organic products?,Please visit our website or contact support for more details.
Wellness,Can I request a personalized wellness consultation?,Please visit our website or contact support for more details.
Wellness,Do you offer gift cards for spa treatments?,Please visit our website or contact support for more details.
Wellness,What are the benefits of aromatherapy?,Please visit our website or contact support for more details.
Wellness,Are your wellness products cruelty-free?,Please visit our website or contact support for more details.
Wellness,Do you offer diet and nutrition consultations?,Please visit our website or contact support for more details.
Wellness,Can I get a subscription for wellness products?,Please visit our website or contact support for more details.
Wellness,Do you have organic herbal teas?,Please visit our website or contact support for more details.
Wellness,How can I relieve stress naturally?,Please visit our website or contact support for more details.
Wellness,What essential oils help with sleep?,Please visit our website or contact support for more details.
Wellness,Do you offer yoga and meditation classes?,Please visit our website or contact support for more details.
Platform,What is Zithara.ai?,Zithara.ai is an AI-driven platform designed to enhance customer engagement and business automation.
Platform,How does Zithara.ai work?,Zithara.ai uses artificial intelligence and machine learning to provide personalized solutions for businesses.
Platform,What industries does Zithara.ai serve?,"Zithara.ai serves various industries, including retail, finance, healthcare, and e-commerce."
Platform,Is Zithara.ai cloud-based?,"Yes, Zithara.ai is a cloud-based platform that offers scalability and security."
Platform,Can I integrate Zithara.ai with other software?,"Yes, Zithara.ai supports integration with multiple third-party applications via APIs."
Platform,Does Zithara.ai offer automation features?,"Yes, the platform provides automation tools for marketing, sales, and customer support."
Platform,What AI technologies does Zithara.ai use?,"Zithara.ai leverages NLP, machine learning, and predictive analytics to optimize user engagement."
Platform,Can Zithara.ai handle high user traffic?,"Yes, Zithara.ai is built to handle large-scale operations with ease."
Platform,How does Zithara.ai improve customer service?,"Zithara.ai automates responses, offers AI-driven chatbots, and provides real-time customer insights."
Platform,Does Zithara.ai support multilingual interactions?,"Yes, Zithara.ai supports multiple languages for better customer experience."
Branding,How does Zithara.ai help with branding?,Zithara.ai provides AI-powered insights and automation to enhance brand presence and customer engagement.
Branding,Can Zithara.ai personalize customer interactions?,"Yes, Zithara.ai leverages AI to tailor customer experiences based on user behavior and preferences."
Branding,Does Zithara.ai offer marketing automation?,"Yes, Zithara.ai includes marketing automation tools to streamline campaigns and improve efficiency."
Branding,Can Zithara.ai track brand performance?,"Yes, Zithara.ai provides analytics and reporting tools to measure brand performance and customer engagement."
Branding,How does Zithara.ai improve customer retention?,"Zithara.ai uses AI-driven insights to predict customer needs and offer personalized experiences, improving retention."
Branding,Can Zithara.ai help in social media management?,"Yes, Zithara.ai provides AI tools to manage and optimize social media campaigns."
Branding,Does Zithara.ai offer competitor analysis?,"Yes, the platform provides insights on competitors to help refine branding strategies."
Branding,Can Zithara.ai generate automated content?,"Yes, Zithara.ai can create AI-generated content for blogs, social media, and emails."
Branding,Does Zithara.ai help with SEO?,"Yes, the platform provides SEO recommendations and AI-driven content optimization."
Branding,Can Zithara.ai assist with influencer marketing?,"Yes, Zithara.ai helps identify and connect with relevant influencers for brand promotion."
Others,Is Zithara.ai secure?,"Yes, Zithara.ai uses advanced encryption and security protocols to protect user data."
Others,What are the pricing plans for Zithara.ai?,Zithara.ai offers flexible pricing plans based on business needs. Contact sales for more details.
Others,Does Zithara.ai provide customer support?,"Yes, Zithara.ai offers 24/7 customer support through chat, email, and phone."
Others,How do I get started with Zithara.ai?,You can sign up on the website and follow the onboarding process to set up your account.
Others,Is there a free trial for Zithara.ai?,"Yes, Zithara.ai offers a free trial for new users to explore the platform's features."
Others,How often does Zithara.ai release updates?,Zithara.ai regularly updates its platform to introduce new features and enhancements.
Others,Can I request a demo before purchasing?,"Yes, you can schedule a free demo with our team to explore the platform."
Others,Does Zithara.ai offer white-label solutions?,"Yes, white-label solutions are available for businesses looking to customize the platform."
Others,Can I use Zithara.ai for small businesses?,"Yes, Zithara.ai offers scalable solutions suitable for businesses of all sizes."
Others,Does Zithara.ai provide analytics?,"Yes, Zithara.ai offers real-time analytics to help businesses track and optimize performance."
Platform,What is Zithara.ai? (More details),Zithara.ai is an AI-driven platform designed to enhance customer engagement and business automation. Contact support for further information.
Integrations,What third-party applications does Zithara.ai integrate with?,"Zithara.ai integrates with CRM, e-commerce, marketing, and communication platforms such as Salesforce, Shopify, and WhatsApp."
Integrations,Can Zithara.ai integrate with my existing CRM?,"Yes, Zithara.ai supports integrations with major CRM platforms like HubSpot, Salesforce, and Zoho CRM."
Integrations,Does Zithara.ai support API integration?,"Yes, Zithara.ai provides RESTful APIs for seamless integration with external systems."
Integrations,Can Zithara.ai work with WhatsApp Business?,"Yes, Zithara.ai offers WhatsApp Business integration for automated messaging and customer engagement."
Integrations,Does Zithara.ai integrate with social media platforms?,"Yes, Zithara.ai connects with Facebook, Instagram, Twitter, and LinkedIn to enhance social media interactions."
Integrations,How do I set up an integration with Zithara.ai?,"You can set up integrations via our dashboard or API documentation, or reach out to our support team for assistance."
Integrations,Can I connect Zithara.ai with my e-commerce store?,"Yes, Zithara.ai integrates with Shopify, WooCommerce, Magento, and other e-commerce platforms."
Integrations,Does Zithara.ai support ERP integrations?,"Yes, Zithara.ai can integrate with ERP systems like SAP, Oracle, and Microsoft Dynamics."
Integrations,Can I automate workflows using Zithara.ai?,"Yes, Zithara.ai enables workflow automation by integrating with tools like Zapier."
Integrations,Does Zithara.ai integrate with payment gateways?,"Yes, the platform supports payment gateways like Stripe, PayPal, and Razorpay for seamless transactions."
Resources,Does Zithara.ai provide learning resources?,"Yes, Zithara.ai offers tutorials, webinars, and documentation to help users get started."
Resources,Where can I find API documentation for Zithara.ai?,API documentation is available on our developer portal for easy integration and development.
Resources,Does Zithara.ai offer case studies?,"Yes, you can explore customer success stories and case studies on our website."
Resources,Are there video tutorials for Zithara.ai?,"Yes, we provide video tutorials and demo walkthroughs for better understanding."
Resources,How do I access the Zithara.ai knowledge base?,You can visit our website's support section to access the knowledge base and FAQs.
Resources,Does Zithara.ai have a community forum?,"Yes, we have an active community forum where users can discuss features and solutions."
Resources,Can I download Zithara.ai user manuals?,"Yes, downloadable user manuals and guides are available on our website."
Resources,Does Zithara.ai offer developer support?,"Yes, we provide dedicated developer support and API documentation for integrations."
Resources,Is there a blog for Zithara.ai updates?,"Yes, our blog features the latest product updates, AI trends, and industry insights."
General,What is a product-based company?,A product-based company develops and sells its own software or physical products to consumers or businesses.
General,How does a product-based company differ from a service-based company?,"Product-based companies create and sell products, while service-based companies provide specialized services to clients."
General,What are some examples of product-based companies?,"Examples include Apple, Google, Microsoft, Tesla, and Adobe."
General,What industries do product-based companies operate in?,"They operate in technology, consumer goods, healthcare, automotive, and various other industries."
General,How do product-based companies generate revenue?,"They generate revenue by selling products, subscriptions, licensing fees, and value-added services."
Product Development,What is the product development lifecycle?,"The product development lifecycle includes ideation, research, prototyping, testing, and launch."
Product Development,How do product-based companies innovate?,"They innovate through research, customer feedback, and continuous iteration."
Product Development,What role does customer feedback play in product development?,Customer feedback helps companies refine features and improve user experience.
Product Development,What is the importance of UI/UX in product development?,UI/UX design ensures user-friendly and visually appealing products that improve customer retention.
Product Development,How do product-based companies handle scalability?,"They use cloud computing, microservices, and scalable infrastructure to accommodate growth."
Sales & Marketing,How do product-based companies market their products?,"They use digital marketing, social media, SEO, paid ads, and influencer partnerships."
Sales & Marketing,What is the role of branding in product-based companies?,Branding helps establish a strong identity and differentiates the product from competitors.
Sales & Marketing,How do product-based companies reach global markets?,"They use online platforms, localization, and international partnerships."
Sales & Marketing,What is SaaS marketing?,SaaS marketing involves promoting software-as-a-service products through inbound and outbound strategies.
Sales & Marketing,How do product-based companies measure marketing success?,"They track key metrics such as conversion rates, customer acquisition costs, and engagement."
Customer Support,How do product-based companies provide customer support?,"They offer live chat, email, phone support, knowledge bases, and AI-driven chatbots."
Customer Support,What is a customer success strategy?,"A customer success strategy ensures customers receive maximum value from a product, leading to long-term retention."
Customer Support,Why is customer feedback important for product improvement?,It helps identify pain points and areas for enhancement.
Customer Support,What are the common customer support tools used?,"Companies use Zendesk, Freshdesk, Intercom, and HubSpot for support management."
Customer Support,How do companies handle negative reviews?,"They address concerns promptly, offer solutions, and improve product quality."
Hiring & Culture,What skills are required to work in a product-based company?,"Skills include coding, problem-solving, UX design, product management, and data analysis."
Hiring & Culture,How do product-based companies hire talent?,"They use online job portals, campus recruitment, hackathons, and referrals."
Hiring & Culture,What is the work culture like in a product-based company?,"It is innovation-driven, fast-paced, and focused on problem-solving."
Hiring & Culture,How do product-based companies retain employees?,"They offer career growth, work-life balance, stock options, and competitive salaries."
Hiring & Culture,Do product-based companies offer remote work opportunities?,"Yes, many companies now offer hybrid or remote work options."
General,What is a product-based company? (More insights),A product-based company develops and sells its own software or physical products to consumers or businesses. Contact our support for further details.
General,What is an e-commerce platform?,An e-commerce platform is an online system that allows businesses to sell products or services over the internet.
General,What are the benefits of using an e-commerce service?,"E-commerce services provide convenience, global reach, and 24/7 availability for customers."
General,How do I start an online store?,"You can start an online store by choosing an e-commerce platform, setting up products, and marketing your store."
General,What payment methods do e-commerce platforms accept?,"Most platforms accept credit/debit cards, PayPal, digital wallets, and bank transfers."
General,How secure are e-commerce transactions?,"E-commerce platforms use SSL encryption, fraud detection, and secure payment gateways to ensure transaction security."
Orders & Shipping,How can I track my order?,You can track your order by using the tracking number provided in your order confirmation email.
Orders & Shipping,How long does shipping take?,"Shipping times vary based on location and delivery method, typically ranging from 2 to 7 days."
Orders & Shipping,Can I change my shipping address after placing an order?,"In most cases, address changes can be made before the order is shipped. Contact customer support for assistance."
Orders & Shipping,Do you offer international shipping?,"Yes, we offer international shipping to multiple countries. Shipping charges may apply based on destination."
Orders & Shipping,What are the shipping costs?,"Shipping costs depend on the order value, location, and selected shipping method."
Returns & Refunds,What is your return policy?,"Our return policy allows returns within 30 days of purchase, provided the item is in original condition."
Returns & Refunds,How do I request a refund?,You can request a refund by submitting a return request through your account or contacting customer support.
Returns & Refunds,How long does it take to process a refund?,Refunds typically take 5-7 business days after the returned item is received and inspected.
Returns & Refunds,Can I return an item if it is damaged?,"Yes, if your item arrives damaged, contact our support team for a replacement or refund."
Returns & Refunds,Are there items that cannot be returned?,"Some items, such as perishable goods and personalized products, are not eligible for return."
Payments & Security,Is my payment information secure?,"Yes, we use encrypted payment gateways to ensure your transactions are secure."
Payments & Security,Do you accept installment payments?,"Yes, we offer installment payments through selected payment partners."
Payments & Security,What should I do if my payment fails?,"Ensure your payment details are correct, or try using a different payment method."
Payments & Security,Can I save my payment details for future purchases?,"Yes, you can securely save your payment details for a faster checkout experience."
Payments & Security,How can I prevent fraud while shopping online?,"Always shop on secure websites, avoid sharing sensitive information, and enable two-factor authentication."
Customer Support,How do I contact customer service?,"You can contact us via live chat, email, or phone support for assistance."
Customer Support,What are your customer service hours?,Our customer support is available 24/7 to assist with any inquiries.
Customer Support,Can I cancel my order after placing it?,Order cancellations are possible before the order is shipped. Contact support for help.
Customer Support,How do I report an issue with my order?,You can report issues through your account dashboard or by reaching out to our support team.
Customer Support,Do you offer live chat support?,"Yes, we offer live chat support to assist you in real-time."
General,What is an e-commerce platform? (More details),An e-commerce platform is an online system that allows businesses to sell products or services over the internet. Please check our help center for further information.
Product & Inventory,How do I check if an item is in stock?,You can check stock availability on the product page or contact our support team.
Product & Inventory,Can I pre-order items that are out of stock?,"Yes, pre-orders are available for selected products. You will be notified once they are back in stock."
Product & Inventory,How often do you update your inventory?,Our inventory is updated in real-time to ensure accurate stock availability.
Product & Inventory,Can I request a custom order?,"Yes, for certain products, custom orders can be placed through our website."
Product & Inventory,Do you offer bulk purchasing discounts?,"Yes, we provide discounts for bulk purchases. Contact sales for more details."
Account & Membership,Do I need an account to place an order?,"No, you can checkout as a guest, but having an account allows you to track orders and receive special offers."
Account & Membership,How do I create an account?,You can create an account by signing up with your email and setting a password.
Account & Membership,How do I reset my password?,Click on 'Forgot Password' at login and follow the instructions to reset your password.
Account & Membership,Can I delete my account?,"Yes, you can request account deletion by contacting our customer support team."
Account & Membership,Do you offer a loyalty program?,"Yes, we offer a rewards program for frequent shoppers. Earn points for discounts and exclusive deals."
Delivery & Pickup,Do you offer same-day delivery?,"Yes, same-day delivery is available for selected locations and products."
Delivery & Pickup,Can I schedule a delivery for a specific date?,"Yes, you can choose a preferred delivery date during checkout."
Delivery & Pickup,What happens if I miss my delivery?,Our courier partner will attempt delivery again or leave instructions for pickup.
Delivery & Pickup,Do you offer in-store pickup?,"Yes, you can select 'Store Pickup' during checkout if the option is available."
Delivery & Pickup,Can I change my delivery method after placing an order?,"Yes, you can modify your delivery preferences before the order is shipped."
Technical Support,Why am I unable to add items to my cart?,Ensure you are logged in and the item is in stock. Try clearing your browser cache.
Technical Support,How do I report a website bug?,You can report issues through our contact page or email our support team.
Technical Support,Is my personal data safe on your website?,"Yes, we follow strict security protocols to protect customer data."
Technical Support,Do you have a mobile app?,"Yes, our mobile app is available for iOS and Android devices."
Technical Support,How do I update my billing information?,You can update billing details from your account settings.
Product & Inventory,How do I check if an item is in stock? (Further details),You can check stock availability on the product page or contact our support team. Please reach out to customer support for additional assistance.
Product Innovation,How do product-based companies ensure innovation?,"They invest in research and development, customer feedback, and market analysis."
Product Innovation,What is the role of patents in a product-based company?,"Patents protect unique innovations, giving companies a competitive edge."
Product Innovation,How do companies test new product ideas?,"They conduct surveys, prototypes, A/B testing, and market research."
Product Innovation,What are MVPs in product development?,A Minimum Viable Product (MVP) is a basic version of a product to test its viability.
Product Innovation,How do companies handle product failures?,"They analyze customer feedback, iterate improvements, and relaunch if necessary."
Product Lifecycle,What are the stages of a product lifecycle?,"The stages include introduction, growth, maturity, and decline."
Product Lifecycle,How do companies determine product-market fit?,"They analyze customer needs, user engagement, and revenue growth."
Product Lifecycle,What is a go-to-market strategy?,It is a plan to launch and promote a new product effectively in the market.
Product Lifecycle,Why do some products get discontinued?,"Low demand, high production costs, or market saturation can lead to discontinuation."
Product Lifecycle,How do companies extend a product’s lifecycle?,"Through updates, rebranding, marketing campaigns, and feature enhancements."
Technology & Scalability,How do product-based companies scale their infrastructure?,"They use cloud services, microservices, and distributed databases."
Technology & Scalability,What is the importance of APIs in product-based companies?,"APIs enable integration with other platforms, expanding product capabilities."
Technology & Scalability,How do companies ensure high product availability?,"By implementing load balancing, failover systems, and redundancy."
Technology & Scalability,What role does DevOps play in a product-based company?,"DevOps streamlines development, testing, and deployment for faster releases."
Technology & Scalability,How do companies handle sudden spikes in user traffic?,By using scalable cloud architecture and auto-scaling features.
Competition & Branding,How do product-based companies differentiate themselves?,"Through unique features, strong branding, and superior customer experience."
Competition & Branding,What is the importance of brand loyalty?,Brand loyalty ensures repeat customers and long-term business success.
Competition & Branding,How do companies protect their brand identity?,"They use trademarks, copyrights, and consistent branding strategies."
Competition & Branding,What role does storytelling play in product marketing?,Storytelling helps create an emotional connection with customers.
Competition & Branding,How do companies handle competition from new startups?,By innovating continuously and improving customer engagement strategies.
Customer Experience,Why is user experience (UX) important in product design?,"Good UX improves customer satisfaction, retention, and sales."
Customer Experience,How do companies collect user feedback?,"Through surveys, analytics, social media, and customer support channels."
Customer Experience,What is the importance of beta testing?,Beta testing helps identify issues before a full product launch.
Customer Experience,How do companies handle negative product reviews?,"By addressing concerns, offering solutions, and improving product quality."
Customer Experience,How do companies personalize customer experiences?,"Using AI-driven recommendations, personalized marketing, and user behavior analysis."
Product Innovation,How do product-based companies ensure innovation? (Detailed explanation),"They invest in research and development, customer feedback, and market analysis. Contact our product team for further insights."
Product Feedback,How satisfied are you with the product quality?,We value your feedback to improve our products.
Product Feedback,What features would you like to see in future updates?,Your suggestions help us innovate better products.
Product Feedback,Did the product meet your expectations?,We strive to provide the best experience possible.
Product Feedback,How would you rate the usability of the product?,"Ease of use is our priority, and your feedback helps."
Product Feedback,What improvements would you suggest for this product?,We welcome constructive feedback to enhance our offerings.
Customer Support Feedback,How satisfied are you with our customer support?,Your feedback helps us improve our service quality.
Customer Support Feedback,Was your issue resolved in a timely manner?,We aim to provide fast and efficient support.
Customer Support Feedback,How likely are you to recommend our support team?,Your recommendations help us grow and improve.
Customer Support Feedback,What can we do to enhance our customer service?,We are always looking to improve based on customer needs.
Customer Support Feedback,Did you find our support resources helpful?,Let us know if we can add more useful resources.
User Experience,How easy was it to navigate our website/app?,We aim to make our platform as user-friendly as possible.
User Experience,Did you face any difficulties using our product?,Your feedback helps us enhance user experience.
User Experience,What do you like most about our product?,Knowing what you enjoy helps us improve further.
User Experience,Would you purchase from us again?,We strive to create long-term relationships with our customers.
User Experience,How visually appealing do you find our platform?,A good design enhances the overall user experience.
Pricing & Value,Do you think the product is priced fairly?,We aim to provide the best value for our customers.
Pricing & Value,Would you consider our product a good investment?,Customer satisfaction is our top priority.
Pricing & Value,How do you feel about the pricing compared to competitors?,We strive to offer competitive pricing.
Pricing & Value,Would you be willing to pay more for additional features?,Your input helps us shape future pricing strategies.
Pricing & Value,Do you think we offer good discounts and promotions?,We always aim to provide the best deals for our customers.
Loyalty & Recommendation,Would you recommend our product to others?,Your recommendations mean a lot to us.
Loyalty & Recommendation,How likely are you to return for another purchase?,We aim to keep our customers happy and coming back.
Loyalty & Recommendation,What would encourage you to refer a friend?,Referral programs help us grow together with our customers.
Loyalty & Recommendation,How can we improve our loyalty rewards?,We value our loyal customers and their input.
Loyalty & Recommendation,What keeps you engaged with our brand?,Understanding this helps us create better experiences.
Product Feedback,How satisfied are you with the product quality? (Your detailed feedback is appreciated),We value your feedback to improve our products. Please share your thoughts for continuous improvement.
General,What is a Customer Data Platform (CDP)?,"A CDP is a software that collects, integrates, and organizes customer data from multiple sources."
General,How does a CDP differ from a CRM?,"A CRM focuses on customer interactions, while a CDP unifies data from various sources for a complete customer view."
General,What are the key benefits of using a CDP?,"CDPs provide personalized marketing, data unification, and improved customer insights."
General,Who typically uses a CDP?,"Marketing teams, data analysts, and customer service teams benefit from CDPs."
Data Management,How does a CDP collect data?,"It collects data from websites, mobile apps, CRM, social media, and other platforms."
Data Management,Is customer data stored securely in a CDP?,"Yes, CDPs follow strict data security protocols and compliance measures."
Data Management,Can a CDP integrate with other marketing tools?,"Yes, most CDPs integrate with analytics, email marketing, and automation tools."
Data Management,What type of data does a CDP handle?,"CDPs manage behavioral, transactional, and demographic data."
Personalization,How does a CDP help with customer segmentation?,CDPs categorize customers based on behaviors and preferences for targeted marketing.
Personalization,Can a CDP improve customer engagement?,"Yes, it enables personalized experiences based on customer insights."
Personalization,How does a CDP help with predictive analytics?,It uses AI and machine learning to predict customer behaviors and trends.
Personalization,Can a CDP be used for omnichannel marketing?,"Yes, CDPs create seamless experiences across multiple customer touchpoints."
Compliance & Privacy,Is a CDP GDPR and CCPA compliant?,Most CDPs offer compliance features to meet data privacy regulations.
Compliance & Privacy,How does a CDP handle customer consent management?,CDPs store and manage customer consent preferences for data usage.
Compliance & Privacy,Can a customer request data deletion from a CDP?,"Yes, CDPs support data access and deletion requests."
Implementation,How long does it take to implement a CDP?,Implementation time varies but typically takes a few weeks to months.
Implementation,Does a CDP require technical expertise to set up?,"Some CDPs require IT support, while others are user-friendly for marketing teams."
Implementation,How do companies measure the success of a CDP?,"Success is measured by improved customer retention, engagement, and ROI."
Implementation,What industries benefit most from a CDP?,"Retail, e-commerce, finance, and healthcare companies use CDPs extensively."
Integrations,What third-party applications does Zithara.ai integrate with?,"Zithara.ai integrates with CRM, e-commerce, marketing, and communication platforms such as Salesforce, Shopify, and WhatsApp."
Integrations,Can Zithara.ai integrate with my existing CRM?,"Yes, Zithara.ai supports integrations with major CRM platforms like HubSpot, Salesforce, and Zoho CRM."
Integrations,Does Zithara.ai support API integration?,"Yes, Zithara.ai provides RESTful APIs for seamless integration with external systems."
Integrations,Can Zithara.ai work with WhatsApp Business?,"Yes, Zithara.ai offers WhatsApp Business integration for automated messaging and customer engagement."
Integrations,Does Zithara.ai integrate with social media platforms?,"Yes, Zithara.ai connects with Facebook, Instagram, Twitter, and LinkedIn to enhance social media interactions."
Integrations,How do I set up an integration with Zithara.ai?,"You can set up integrations via our dashboard or API documentation, or reach out to our support team for assistance."
Integrations,Can I connect Zithara.ai with my e-commerce store?,"Yes, Zithara.ai integrates with Shopify, WooCommerce, Magento, and other e-commerce platforms."
Integrations,Does Zithara.ai support ERP integrations?,"Yes, Zithara.ai can integrate with ERP systems like SAP, Oracle, and Microsoft Dynamics."
Integrations,Can I automate workflows using Zithara.ai?,"Yes, Zithara.ai enables workflow automation by integrating with tools like Zapier."
Integrations,Does Zithara.ai integrate with payment gateways?,"Yes, the platform supports payment gateways like Stripe, PayPal, and Razorpay for seamless transactions."
Resources,Does Zithara.ai provide learning resources?,"Yes, Zithara.ai offers tutorials, webinars, and documentation to help users get started."
Resources,Where can I find API documentation for Zithara.ai?,API documentation is available on our developer portal for easy integration and development.
Resources,Does Zithara.ai offer case studies?,"Yes, you can explore customer success stories and case studies on our website."
Resources,Are there video tutorials for Zithara.ai?,"Yes, we provide video tutorials and demo walkthroughs for better understanding."
Resources,How do I access the Zithara.ai knowledge base?,You can visit our website's support section to access the knowledge base and FAQs.
Resources,Does Zithara.ai have a community forum?,"Yes, we have an active community forum where users can discuss features and solutions."
Resources,Can I download Zithara.ai user manuals?,"Yes, downloadable user manuals and guides are available on our website."
Resources,Does Zithara.ai offer developer support?,"Yes, we provide dedicated developer support and API documentation for integrations."
Resources,Is there a blog for Zithara.ai updates?,"Yes, our blog features the latest product updates, AI trends, and industry insights."
Resources,Does Zithara.ai conduct live training sessions?,"Yes, we conduct live training sessions and webinars to help users maximize their platform usage."
Integrations,What third-party applications does Zithara.ai integrate with? (Advanced details),"Zithara.ai integrates with CRM, e-commerce, marketing, and communication platforms such as Salesforce, Shopify, and WhatsApp. Contact our technical support for further assistance."
Integrations,What third-party applications does Zithara.ai integrate with? (Advanced details),"Zithara.ai integrates with CRM, e-commerce, marketing, and communication platforms such as Salesforce, Shopify, and WhatsApp. Contact our technical support for further assistance."
Integrations,What third-party applications does Zithara.ai integrate with? (Advanced details),"Zithara.ai integrates with CRM, e-commerce, marketing, and communication platforms such as Salesforce, Shopify, and WhatsApp. Contact our technical support for further assistance."
Integrations,What third-party applications does Zithara.ai integrate with? (Advanced details),"Zithara.ai integrates with CRM, e-commerce, marketing, and communication platforms such as Salesforce, Shopify, and WhatsApp. Contact our technical support for further assistance."
Integrations,What third-party applications does Zithara.ai integrate with? (Advanced details),"Zithara.ai integrates with CRM, e-commerce, marketing, and communication platforms such as Salesforce, Shopify, and WhatsApp. Contact our technical support for further assistance."
Integrations,What third-party applications does Zithara.ai integrate with? (Advanced details),"Zithara.ai integrates with CRM, e-commerce, marketing, and communication platforms such as Salesforce, Shopify, and WhatsApp. Contact our technical support for further assistance."
Integrations,What third-party applications does Zithara.ai integrate with? (Advanced details),"Zithara.ai integrates with CRM, e-commerce, marketing, and communication platforms such as Salesforce, Shopify, and WhatsApp. Contact our technical support for further assistance."
Integrations,What third-party applications does Zithara.ai integrate with? (Advanced details),"Zithara.ai integrates with CRM, e-commerce, marketing, and communication platforms such as Salesforce, Shopify, and WhatsApp. Contact our technical support for further assistance."
Integrations,What third-party applications does Zithara.ai integrate with? (Advanced details),"Zithara.ai integrates with CRM, e-commerce, marketing, and communication platforms such as Salesforce, Shopify, and WhatsApp. Contact our technical support for further assistance."
Integrations,What third-party applications does Zithara.ai integrate with? (Advanced details),"Zithara.ai integrates with CRM, e-commerce, marketing, and communication platforms such as Salesforce, Shopify, and WhatsApp. Contact our technical support for further assistance."
Integrations,What third-party applications does Zithara.ai integrate with? (Advanced details),"Zithara.ai integrates with CRM, e-commerce, marketing, and communication platforms such as Salesforce, Shopify, and WhatsApp. Contact our technical support for further assistance."
Integrations,What third-party applications does Zithara.ai integrate with? (Advanced details),"Zithara.ai integrates with CRM, e-commerce, marketing, and communication platforms such as Salesforce, Shopify, and WhatsApp. Contact our technical support for further assistance."
Integrations,What third-party applications does Zithara.ai integrate with? (Advanced details),"Zithara.ai integrates with CRM, e-commerce, marketing, and communication platforms such as Salesforce, Shopify, and WhatsApp. Contact our technical support for further assistance."
Integrations,What third-party applications does Zithara.ai integrate with? (Advanced details),"Zithara.ai integrates with CRM, e-commerce, marketing, and communication platforms such as Salesforce, Shopify, and WhatsApp. Contact our technical support for further assistance."
Integrations,What third-party applications does Zithara.ai integrate with? (Advanced details),"Zithara.ai integrates with CRM, e-commerce, marketing, and communication platforms such as Salesforce, Shopify, and WhatsApp. Contact our technical support for further assistance."
Integrations,What third-party applications does Zithara.ai integrate with? (Advanced details),"Zithara.ai integrates with CRM, e-commerce, marketing, and communication platforms such as Salesforce, Shopify, and WhatsApp. Contact our technical support for further assistance."
Integrations,What third-party applications does Zithara.ai integrate with? (Advanced details),"Zithara.ai integrates with CRM, e-commerce, marketing, and communication platforms such as Salesforce, Shopify, and WhatsApp. Contact our technical support for further assistance."
Integrations,What third-party applications does Zithara.ai integrate with? (Advanced details),"Zithara.ai integrates with CRM, e-commerce, marketing, and communication platforms such as Salesforce, Shopify, and WhatsApp. Contact our technical support for further assistance."
Integrations,What third-party applications does Zithara.ai integrate with? (Advanced details),"Zithara.ai integrates with CRM, e-commerce, marketing, and communication platforms such as Salesforce, Shopify, and WhatsApp. Contact our technical support for further assistance."
Integrations,What third-party applications does Zithara.ai integrate with? (Advanced details),"Zithara.ai integrates with CRM, e-commerce, marketing, and communication platforms such as Salesforce, Shopify, and WhatsApp. Contact our technical support for further assistance."
Integrations,What third-party applications does Zithara.ai integrate with? (Advanced details),"Zithara.ai integrates with CRM, e-commerce, marketing, and communication platforms such as Salesforce, Shopify, and WhatsApp. Contact our technical support for further assistance."
Integrations,What third-party applications does Zithara.ai integrate with? (Advanced details),"Zithara.ai integrates with CRM, e-commerce, marketing, and communication platforms such as Salesforce, Shopify, and WhatsApp. Contact our technical support for further assistance."
Integrations,What third-party applications does Zithara.ai integrate with? (Advanced details),"Zithara.ai integrates with CRM, e-commerce, marketing, and communication platforms such as Salesforce, Shopify, and WhatsApp. Contact our technical support for further assistance."
Integrations,What third-party applications does Zithara.ai integrate with? (Advanced details),"Zithara.ai integrates with CRM, e-commerce, marketing, and communication platforms such as Salesforce, Shopify, and WhatsApp. Contact our technical support for further assistance."
Integrations,What third-party applications does Zithara.ai integrate with? (Advanced details),"Zithara.ai integrates with CRM, e-commerce, marketing, and communication platforms such as Salesforce, Shopify, and WhatsApp. Contact our technical support for further assistance."
Integrations,What third-party applications does Zithara.ai integrate with? (Advanced details),"Zithara.ai integrates with CRM, e-commerce, marketing, and communication platforms such as Salesforce, Shopify, and WhatsApp. Contact our technical support for further assistance."
Integrations,What third-party applications does Zithara.ai integrate with? (Advanced details),"Zithara.ai integrates with CRM, e-commerce, marketing, and communication platforms such as Salesforce, Shopify, and WhatsApp. Contact our technical support for further assistance."
Integrations,What third-party applications does Zithara.ai integrate with? (Advanced details),"Zithara.ai integrates with CRM, e-commerce, marketing, and communication platforms such as Salesforce, Shopify, and WhatsApp. Contact our technical support for further assistance."
Integrations,What third-party applications does Zithara.ai integrate with? (Advanced details),"Zithara.ai integrates with CRM, e-commerce, marketing, and communication platforms such as Salesforce, Shopify, and WhatsApp. Contact our technical support for further assistance."
Integrations,What third-party applications does Zithara.ai integrate with? (Advanced details),"Zithara.ai integrates with CRM, e-commerce, marketing, and communication platforms such as Salesforce, Shopify, and WhatsApp. Contact our technical support for further assistance."
Integrations,What third-party applications does Zithara.ai integrate with? (Advanced details),"Zithara.ai integrates with CRM, e-commerce, marketing, and communication platforms such as Salesforce, Shopify, and WhatsApp. Contact our technical support for further assistance."
Integrations,What third-party applications does Zithara.ai integrate with? (Advanced details),"Zithara.ai integrates with CRM, e-commerce, marketing, and communication platforms such as Salesforce, Shopify, and WhatsApp. Contact our technical support for further assistance."
Integrations,What third-party applications does Zithara.ai integrate with? (Advanced details),"Zithara.ai integrates with CRM, e-commerce, marketing, and communication platforms such as Salesforce, Shopify, and WhatsApp. Contact our technical support for further assistance."
Integrations,What third-party applications does Zithara.ai integrate with? (Advanced details),"Zithara.ai integrates with CRM, e-commerce, marketing, and communication platforms such as Salesforce, Shopify, and WhatsApp. Contact our technical support for further assistance."
Integrations,What third-party applications does Zithara.ai integrate with? (Advanced details),"Zithara.ai integrates with CRM, e-commerce, marketing, and communication platforms such as Salesforce, Shopify, and WhatsApp. Contact our technical support for further assistance."
Integrations,What third-party applications does Zithara.ai integrate with? (Advanced details),"Zithara.ai integrates with CRM, e-commerce, marketing, and communication platforms such as Salesforce, Shopify, and WhatsApp. Contact our technical support for further assistance."
Integrations,What third-party applications does Zithara.ai integrate with? (Advanced details),"Zithara.ai integrates with CRM, e-commerce, marketing, and communication platforms such as Salesforce, Shopify, and WhatsApp. Contact our technical support for further assistance."
Integrations,What third-party applications does Zithara.ai integrate with? (Advanced details),"Zithara.ai integrates with CRM, e-commerce, marketing, and communication platforms such as Salesforce, Shopify, and WhatsApp. Contact our technical support for further assistance."
Integrations,What third-party applications does Zithara.ai integrate with? (Advanced details),"Zithara.ai integrates with CRM, e-commerce, marketing, and communication platforms such as Salesforce, Shopify, and WhatsApp. Contact our technical support for further assistance."
Integrations,What third-party applications does Zithara.ai integrate with? (Advanced details),"Zithara.ai integrates with CRM, e-commerce, marketing, and communication platforms such as Salesforce, Shopify, and WhatsApp. Contact our technical support for further assistance."
Integrations,What third-party applications does Zithara.ai integrate with? (Advanced details),"Zithara.ai integrates with CRM, e-commerce, marketing, and communication platforms such as Salesforce, Shopify, and WhatsApp. Contact our technical support for further assistance."
Integrations,What third-party applications does Zithara.ai integrate with? (Advanced details),"Zithara.ai integrates with CRM, e-commerce, marketing, and communication platforms such as Salesforce, Shopify, and WhatsApp. Contact our technical support for further assistance."
Integrations,What third-party applications does Zithara.ai integrate with? (Advanced details),"Zithara.ai integrates with CRM, e-commerce, marketing, and communication platforms such as Salesforce, Shopify, and WhatsApp. Contact our technical support for further assistance."
Integrations,What third-party applications does Zithara.ai integrate with? (Advanced details),"Zithara.ai integrates with CRM, e-commerce, marketing, and communication platforms such as Salesforce, Shopify, and WhatsApp. Contact our technical support for further assistance."
Integrations,What third-party applications does Zithara.ai integrate with? (Advanced details),"Zithara.ai integrates with CRM, e-commerce, marketing, and communication platforms such as Salesforce, Shopify, and WhatsApp. Contact our technical support for further assistance."
Integrations,What third-party applications does Zithara.ai integrate with? (Advanced details),"Zithara.ai integrates with CRM, e-commerce, marketing, and communication platforms such as Salesforce, Shopify, and WhatsApp. Contact our technical support for further assistance."
Integrations,What third-party applications does Zithara.ai integrate with? (Advanced details),"Zithara.ai integrates with CRM, e-commerce, marketing, and communication platforms such as Salesforce, Shopify, and WhatsApp. Contact our technical support for further assistance."
Integrations,What third-party applications does Zithara.ai integrate with? (Advanced details),"Zithara.ai integrates with CRM, e-commerce, marketing, and communication platforms such as Salesforce, Shopify, and WhatsApp. Contact our technical support for further assistance."
Integrations,What third-party applications does Zithara.ai integrate with? (Advanced details),"Zithara.ai integrates with CRM, e-commerce, marketing, and communication platforms such as Salesforce, Shopify, and WhatsApp. Contact our technical support for further assistance."
Integrations,What third-party applications does Zithara.ai integrate with? (Advanced details),"Zithara.ai integrates with CRM, e-commerce, marketing, and communication platforms such as Salesforce, Shopify, and WhatsApp. Contact our technical support for further assistance."
Integrations,What third-party applications does Zithara.ai integrate with? (Advanced details),"Zithara.ai integrates with CRM, e-commerce, marketing, and communication platforms such as Salesforce, Shopify, and WhatsApp. Contact our technical support for further assistance."
Integrations,What third-party applications does Zithara.ai integrate with? (Advanced details),"Zithara.ai integrates with CRM, e-commerce, marketing, and communication platforms such as Salesforce, Shopify, and WhatsApp. Contact our technical support for further assistance."
Integrations,What third-party applications does Zithara.ai integrate with? (Advanced details),"Zithara.ai integrates with CRM, e-commerce, marketing, and communication platforms such as Salesforce, Shopify, and WhatsApp. Contact our technical support for further assistance."
Integrations,What third-party applications does Zithara.ai integrate with? (Advanced details),"Zithara.ai integrates with CRM, e-commerce, marketing, and communication platforms such as Salesforce, Shopify, and WhatsApp. Contact our technical support for further assistance."
Integrations,What third-party applications does Zithara.ai integrate with? (Advanced details),"Zithara.ai integrates with CRM, e-commerce, marketing, and communication platforms such as Salesforce, Shopify, and WhatsApp. Contact our technical support for further assistance."
Integrations,What third-party applications does Zithara.ai integrate with? (Advanced details),"Zithara.ai integrates with CRM, e-commerce, marketing, and communication platforms such as Salesforce, Shopify, and WhatsApp. Contact our technical support for further assistance."
Integrations,What third-party applications does Zithara.ai integrate with? (Advanced details),"Zithara.ai integrates with CRM, e-commerce, marketing, and communication platforms such as Salesforce, Shopify, and WhatsApp. Contact our technical support for further assistance."
Integrations,What third-party applications does Zithara.ai integrate with? (Advanced details),"Zithara.ai integrates with CRM, e-commerce, marketing, and communication platforms such as Salesforce, Shopify, and WhatsApp. Contact our technical support for further assistance."
Integrations,What third-party applications does Zithara.ai integrate with? (Advanced details),"Zithara.ai integrates with CRM, e-commerce, marketing, and communication platforms such as Salesforce, Shopify, and WhatsApp. Contact our technical support for further assistance."
Integrations,What third-party applications does Zithara.ai integrate with? (Advanced details),"Zithara.ai integrates with CRM, e-commerce, marketing, and communication platforms such as Salesforce, Shopify, and WhatsApp. Contact our technical support for further assistance."
Integrations,What third-party applications does Zithara.ai integrate with? (Advanced details),"Zithara.ai integrates with CRM, e-commerce, marketing, and communication platforms such as Salesforce, Shopify, and WhatsApp. Contact our technical support for further assistance."
Integrations,What third-party applications does Zithara.ai integrate with? (Advanced details),"Zithara.ai integrates with CRM, e-commerce, marketing, and communication platforms such as Salesforce, Shopify, and WhatsApp. Contact our technical support for further assistance."
Integrations,What third-party applications does Zithara.ai integrate with? (Advanced details),"Zithara.ai integrates with CRM, e-commerce, marketing, and communication platforms such as Salesforce, Shopify, and WhatsApp. Contact our technical support for further assistance."
Integrations,What third-party applications does Zithara.ai integrate with? (Advanced details),"Zithara.ai integrates with CRM, e-commerce, marketing, and communication platforms such as Salesforce, Shopify, and WhatsApp. Contact our technical support for further assistance."
Integrations,What third-party applications does Zithara.ai integrate with? (Advanced details),"Zithara.ai integrates with CRM, e-commerce, marketing, and communication platforms such as Salesforce, Shopify, and WhatsApp. Contact our technical support for further assistance."
Integrations,What third-party applications does Zithara.ai integrate with? (Advanced details),"Zithara.ai integrates with CRM, e-commerce, marketing, and communication platforms such as Salesforce, Shopify, and WhatsApp. Contact our technical support for further assistance."
Integrations,What third-party applications does Zithara.ai integrate with? (Advanced details),"Zithara.ai integrates with CRM, e-commerce, marketing, and communication platforms such as Salesforce, Shopify, and WhatsApp. Contact our technical support for further assistance."
Integrations,What third-party applications does Zithara.ai integrate with? (Advanced details),"Zithara.ai integrates with CRM, e-commerce, marketing, and communication platforms such as Salesforce, Shopify, and WhatsApp. Contact our technical support for further assistance."
Integrations,What third-party applications does Zithara.ai integrate with? (Advanced details),"Zithara.ai integrates with CRM, e-commerce, marketing, and communication platforms such as Salesforce, Shopify, and WhatsApp. Contact our technical support for further assistance."
Integrations,What third-party applications does Zithara.ai integrate with? (Advanced details),"Zithara.ai integrates with CRM, e-commerce, marketing, and communication platforms such as Salesforce, Shopify, and WhatsApp. Contact our technical support for further assistance."
Integrations,What third-party applications does Zithara.ai integrate with? (Advanced details),"Zithara.ai integrates with CRM, e-commerce, marketing, and communication platforms such as Salesforce, Shopify, and WhatsApp. Contact our technical support for further assistance."
Integrations,What third-party applications does Zithara.ai integrate with? (Advanced details),"Zithara.ai integrates with CRM, e-commerce, marketing, and communication platforms such as Salesforce, Shopify, and WhatsApp. Contact our technical support for further assistance."
Integrations,What third-party applications does Zithara.ai integrate with? (Advanced details),"Zithara.ai integrates with CRM, e-commerce, marketing, and communication platforms such as Salesforce, Shopify, and WhatsApp. Contact our technical support for further assistance."
Integrations,What third-party applications does Zithara.ai integrate with? (Advanced details),"Zithara.ai integrates with CRM, e-commerce, marketing, and communication platforms such as Salesforce, Shopify, and WhatsApp. Contact our technical support for further assistance."
Integrations,What third-party applications does Zithara.ai integrate with? (Advanced details),"Zithara.ai integrates with CRM, e-commerce, marketing, and communication platforms such as Salesforce, Shopify, and WhatsApp. Contact our technical support for further assistance."
Integrations,What third-party applications does Zithara.ai integrate with? (Advanced details),"Zithara.ai integrates with CRM, e-commerce, marketing, and communication platforms such as Salesforce, Shopify, and WhatsApp. Contact our technical support for further assistance."
Integrations,What third-party applications does Zithara.ai integrate with? (Advanced details),"Zithara.ai integrates with CRM, e-commerce, marketing, and communication platforms such as Salesforce, Shopify, and WhatsApp. Contact our technical support for further assistance."
Integrations,What third-party applications does Zithara.ai integrate with? (Advanced details),"Zithara.ai integrates with CRM, e-commerce, marketing, and communication platforms such as Salesforce, Shopify, and WhatsApp. Contact our technical support for further assistance."
Integrations,What third-party applications does Zithara.ai integrate with? (Advanced details),"Zithara.ai integrates with CRM, e-commerce, marketing, and communication platforms such as Salesforce, Shopify, and WhatsApp. Contact our technical support for further assistance."
Integrations,What third-party applications does Zithara.ai integrate with? (Advanced details),"Zithara.ai integrates with CRM, e-commerce, marketing, and communication platforms such as Salesforce, Shopify, and WhatsApp. Contact our technical support for further assistance."
Integrations,What third-party applications does Zithara.ai integrate with? (Advanced details),"Zithara.ai integrates with CRM, e-commerce, marketing, and communication platforms such as Salesforce, Shopify, and WhatsApp. Contact our technical support for further assistance."
Integrations,What third-party applications does Zithara.ai integrate with? (Advanced details),"Zithara.ai integrates with CRM, e-commerce, marketing, and communication platforms such as Salesforce, Shopify, and WhatsApp. Contact our technical support for further assistance."
Integrations,What third-party applications does Zithara.ai integrate with? (Advanced details),"Zithara.ai integrates with CRM, e-commerce, marketing, and communication platforms such as Salesforce, Shopify, and WhatsApp. Contact our technical support for further assistance."
Integrations,What third-party applications does Zithara.ai integrate with? (Advanced details),"Zithara.ai integrates with CRM, e-commerce, marketing, and communication platforms such as Salesforce, Shopify, and WhatsApp. Contact our technical support for further assistance."
Integrations,What third-party applications does Zithara.ai integrate with? (Advanced details),"Zithara.ai integrates with CRM, e-commerce, marketing, and communication platforms such as Salesforce, Shopify, and WhatsApp. Contact our technical support for further assistance."
Integrations,What third-party applications does Zithara.ai integrate with? (Advanced details),"Zithara.ai integrates with CRM, e-commerce, marketing, and communication platforms such as Salesforce, Shopify, and WhatsApp. Contact our technical support for further assistance."
Integrations,What third-party applications does Zithara.ai integrate with? (Advanced details),"Zithara.ai integrates with CRM, e-commerce, marketing, and communication platforms such as Salesforce, Shopify, and WhatsApp. Contact our technical support for further assistance."
Integrations,What third-party applications does Zithara.ai integrate with? (Advanced details),"Zithara.ai integrates with CRM, e-commerce, marketing, and communication platforms such as Salesforce, Shopify, and WhatsApp. Contact our technical support for further assistance."
Integrations,What third-party applications does Zithara.ai integrate with? (Advanced details),"Zithara.ai integrates with CRM, e-commerce, marketing, and communication platforms such as Salesforce, Shopify, and WhatsApp. Contact our technical support for further assistance."
Integrations,What third-party applications does Zithara.ai integrate with? (Advanced details),"Zithara.ai integrates with CRM, e-commerce, marketing, and communication platforms such as Salesforce, Shopify, and WhatsApp. Contact our technical support for further assistance."
Integrations,What third-party applications does Zithara.ai integrate with? (Advanced details),"Zithara.ai integrates with CRM, e-commerce, marketing, and communication platforms such as Salesforce, Shopify, and WhatsApp. Contact our technical support for further assistance."
Integrations,What third-party applications does Zithara.ai integrate with? (Advanced details),"Zithara.ai integrates with CRM, e-commerce, marketing, and communication platforms such as Salesforce, Shopify, and WhatsApp. Contact our technical support for further assistance."
Integrations,What third-party applications does Zithara.ai integrate with? (Advanced details),"Zithara.ai integrates with CRM, e-commerce, marketing, and communication platforms such as Salesforce, Shopify, and WhatsApp. Contact our technical support for further assistance."
Integrations,What third-party applications does Zithara.ai integrate with? (Advanced details),"Zithara.ai integrates with CRM, e-commerce, marketing, and communication platforms such as Salesforce, Shopify, and WhatsApp. Contact our technical support for further assistance."
Integrations,What third-party applications does Zithara.ai integrate with? (Advanced details),"Zithara.ai integrates with CRM, e-commerce, marketing, and communication platforms such as Salesforce, Shopify, and WhatsApp. Contact our technical support for further assistance."
Integrations,What third-party applications does Zithara.ai integrate with? (Advanced details),"Zithara.ai integrates with CRM, e-commerce, marketing, and communication platforms such as Salesforce, Shopify, and WhatsApp. Contact our technical support for further assistance."
Integrations,What third-party applications does Zithara.ai integrate with? (Advanced details),"Zithara.ai integrates with CRM, e-commerce, marketing, and communication platforms such as Salesforce, Shopify, and WhatsApp. Contact our technical support for further assistance."
Integrations,What third-party applications does Zithara.ai integrate with? (Advanced details),"Zithara.ai integrates with CRM, e-commerce, marketing, and communication platforms such as Salesforce, Shopify, and WhatsApp. Contact our technical support for further assistance."
Integrations,What third-party applications does Zithara.ai integrate with? (Advanced details),"Zithara.ai integrates with CRM, e-commerce, marketing, and communication platforms such as Salesforce, Shopify, and WhatsApp. Contact our technical support for further assistance."
Integrations,What third-party applications does Zithara.ai integrate with? (Advanced details),"Zithara.ai integrates with CRM, e-commerce, marketing, and communication platforms such as Salesforce, Shopify, and WhatsApp. Contact our technical support for further assistance."
Integrations,What third-party applications does Zithara.ai integrate with? (Advanced details),"Zithara.ai integrates with CRM, e-commerce, marketing, and communication platforms such as Salesforce, Shopify, and WhatsApp. Contact our technical support for further assistance."
Integrations,What third-party applications does Zithara.ai integrate with? (Advanced details),"Zithara.ai integrates with CRM, e-commerce, marketing, and communication platforms such as Salesforce, Shopify, and WhatsApp. Contact our technical support for further assistance."
Integrations,What third-party applications does Zithara.ai integrate with? (Advanced details),"Zithara.ai integrates with CRM, e-commerce, marketing, and communication platforms such as Salesforce, Shopify, and WhatsApp. Contact our technical support for further assistance."
Integrations,What third-party applications does Zithara.ai integrate with? (Advanced details),"Zithara.ai integrates with CRM, e-commerce, marketing, and communication platforms such as Salesforce, Shopify, and WhatsApp. Contact our technical support for further assistance."
Integrations,What third-party applications does Zithara.ai integrate with? (Advanced details),"Zithara.ai integrates with CRM, e-commerce, marketing, and communication platforms such as Salesforce, Shopify, and WhatsApp. Contact our technical support for further assistance."
Integrations,What third-party applications does Zithara.ai integrate with? (Advanced details),"Zithara.ai integrates with CRM, e-commerce, marketing, and communication platforms such as Salesforce, Shopify, and WhatsApp. Contact our technical support for further assistance."
Integrations,What third-party applications does Zithara.ai integrate with? (Advanced details),"Zithara.ai integrates with CRM, e-commerce, marketing, and communication platforms such as Salesforce, Shopify, and WhatsApp. Contact our technical support for further assistance."
Integrations,What third-party applications does Zithara.ai integrate with? (Advanced details),"Zithara.ai integrates with CRM, e-commerce, marketing, and communication platforms such as Salesforce, Shopify, and WhatsApp. Contact our technical support for further assistance."
Integrations,What third-party applications does Zithara.ai integrate with? (Advanced details),"Zithara.ai integrates with CRM, e-commerce, marketing, and communication platforms such as Salesforce, Shopify, and WhatsApp. Contact our technical support for further assistance."
Integrations,What third-party applications does Zithara.ai integrate with? (Advanced details),"Zithara.ai integrates with CRM, e-commerce, marketing, and communication platforms such as Salesforce, Shopify, and WhatsApp. Contact our technical support for further assistance."
Integrations,What third-party applications does Zithara.ai integrate with? (Advanced details),"Zithara.ai integrates with CRM, e-commerce, marketing, and communication platforms such as Salesforce, Shopify, and WhatsApp. Contact our technical support for further assistance."
Integrations,What third-party applications does Zithara.ai integrate with? (Advanced details),"Zithara.ai integrates with CRM, e-commerce, marketing, and communication platforms such as Salesforce, Shopify, and WhatsApp. Contact our technical support for further assistance."
Integrations,What third-party applications does Zithara.ai integrate with? (Advanced details),"Zithara.ai integrates with CRM, e-commerce, marketing, and communication platforms such as Salesforce, Shopify, and WhatsApp. Contact our technical support for further assistance."
Integrations,What third-party applications does Zithara.ai integrate with? (Advanced details),"Zithara.ai integrates with CRM, e-commerce, marketing, and communication platforms such as Salesforce, Shopify, and WhatsApp. Contact our technical support for further assistance."
Integrations,What third-party applications does Zithara.ai integrate with? (Advanced details),"Zithara.ai integrates with CRM, e-commerce, marketing, and communication platforms such as Salesforce, Shopify, and WhatsApp. Contact our technical support for further assistance."
Integrations,What third-party applications does Zithara.ai integrate with? (Advanced details),"Zithara.ai integrates with CRM, e-commerce, marketing, and communication platforms such as Salesforce, Shopify, and WhatsApp. Contact our technical support for further assistance."
Integrations,What third-party applications does Zithara.ai integrate with? (Advanced details),"Zithara.ai integrates with CRM, e-commerce, marketing, and communication platforms such as Salesforce, Shopify, and WhatsApp. Contact our technical support for further assistance."
Integrations,What third-party applications does Zithara.ai integrate with? (Advanced details),"Zithara.ai integrates with CRM, e-commerce, marketing, and communication platforms such as Salesforce, Shopify, and WhatsApp. Contact our technical support for further assistance."
Integrations,What third-party applications does Zithara.ai integrate with? (Advanced details),"Zithara.ai integrates with CRM, e-commerce, marketing, and communication platforms such as Salesforce, Shopify, and WhatsApp. Contact our technical support for further assistance."
Integrations,What third-party applications does Zithara.ai integrate with? (Advanced details),"Zithara.ai integrates with CRM, e-commerce, marketing, and communication platforms such as Salesforce, Shopify, and WhatsApp. Contact our technical support for further assistance."
Integrations,What third-party applications does Zithara.ai integrate with? (Advanced details),"Zithara.ai integrates with CRM, e-commerce, marketing, and communication platforms such as Salesforce, Shopify, and WhatsApp. Contact our technical support for further assistance."
Integrations,What third-party applications does Zithara.ai integrate with? (Advanced details),"Zithara.ai integrates with CRM, e-commerce, marketing, and communication platforms such as Salesforce, Shopify, and WhatsApp. Contact our technical support for further assistance."
Integrations,What third-party applications does Zithara.ai integrate with? (Advanced details),"Zithara.ai integrates with CRM, e-commerce, marketing, and communication platforms such as Salesforce, Shopify, and WhatsApp. Contact our technical support for further assistance."
Integrations,What third-party applications does Zithara.ai integrate with? (Advanced details),"Zithara.ai integrates with CRM, e-commerce, marketing, and communication platforms such as Salesforce, Shopify, and WhatsApp. Contact our technical support for further assistance."
Integrations,What third-party applications does Zithara.ai integrate with? (Advanced details),"Zithara.ai integrates with CRM, e-commerce, marketing, and communication platforms such as Salesforce, Shopify, and WhatsApp. Contact our technical support for further assistance."
Integrations,What third-party applications does Zithara.ai integrate with? (Advanced details),"Zithara.ai integrates with CRM, e-commerce, marketing, and communication platforms such as Salesforce, Shopify, and WhatsApp. Contact our technical support for further assistance."
Integrations,What third-party applications does Zithara.ai integrate with? (Advanced details),"Zithara.ai integrates with CRM, e-commerce, marketing, and communication platforms such as Salesforce, Shopify, and WhatsApp. Contact our technical support for further assistance."
Integrations,What third-party applications does Zithara.ai integrate with? (Advanced details),"Zithara.ai integrates with CRM, e-commerce, marketing, and communication platforms such as Salesforce, Shopify, and WhatsApp. Contact our technical support for further assistance."
Integrations,What third-party applications does Zithara.ai integrate with? (Advanced details),"Zithara.ai integrates with CRM, e-commerce, marketing, and communication platforms such as Salesforce, Shopify, and WhatsApp. Contact our technical support for further assistance."
Integrations,What third-party applications does Zithara.ai integrate with? (Advanced details),"Zithara.ai integrates with CRM, e-commerce, marketing, and communication platforms such as Salesforce, Shopify, and WhatsApp. Contact our technical support for further assistance."
Platform,What is Zithara.ai?,Zithara.ai is an AI-driven platform designed to enhance customer engagement and business automation.
Platform,How does Zithara.ai work?,Zithara.ai uses artificial intelligence and machine learning to provide personalized solutions for businesses.
Platform,What industries does Zithara.ai serve?,"Zithara.ai serves various industries, including retail, finance, healthcare, and e-commerce."
Platform,Is Zithara.ai cloud-based?,"Yes, Zithara.ai is a cloud-based platform that offers scalability and security."
Platform,Can I integrate Zithara.ai with other software?,"Yes, Zithara.ai supports integration with multiple third-party applications via APIs."
Platform,Does Zithara.ai offer automation features?,"Yes, the platform provides automation tools for marketing, sales, and customer support."
Platform,What AI technologies does Zithara.ai use?,"Zithara.ai leverages NLP, machine learning, and predictive analytics to optimize user engagement."
Platform,Can Zithara.ai handle high user traffic?,"Yes, Zithara.ai is built to handle large-scale operations with ease."
Platform,How does Zithara.ai improve customer service?,"Zithara.ai automates responses, offers AI-driven chatbots, and provides real-time customer insights."
Platform,Does Zithara.ai support multilingual interactions?,"Yes, Zithara.ai supports multiple languages for better customer experience."
Branding,How does Zithara.ai help with branding?,Zithara.ai provides AI-powered insights and automation to enhance brand presence and customer engagement.
Branding,Can Zithara.ai personalize customer interactions?,"Yes, Zithara.ai leverages AI to tailor customer experiences based on user behavior and preferences."
Branding,Does Zithara.ai offer marketing automation?,"Yes, Zithara.ai includes marketing automation tools to streamline campaigns and improve efficiency."
Branding,Can Zithara.ai track brand performance?,"Yes, Zithara.ai provides analytics and reporting tools to measure brand performance and customer engagement."
Branding,How does Zithara.ai improve customer retention?,"Zithara.ai uses AI-driven insights to predict customer needs and offer personalized experiences, improving retention."
Branding,Can Zithara.ai help in social media management?,"Yes, Zithara.ai provides AI tools to manage and optimize social media campaigns."
Branding,Does Zithara.ai offer competitor analysis?,"Yes, the platform provides insights on competitors to help refine branding strategies."
Branding,Can Zithara.ai generate automated content?,"Yes, Zithara.ai can create AI-generated content for blogs, social media, and emails."
Branding,Does Zithara.ai help with SEO?,"Yes, the platform provides SEO recommendations and AI-driven content optimization."
Branding,Can Zithara.ai assist with influencer marketing?,"Yes, Zithara.ai helps identify and connect with relevant influencers for brand promotion."
Others,Is Zithara.ai secure?,"Yes, Zithara.ai uses advanced encryption and security protocols to protect user data."
Others,What are the pricing plans for Zithara.ai?,Zithara.ai offers flexible pricing plans based on business needs. Contact sales for more details.
Others,Does Zithara.ai provide customer support?,"Yes, Zithara.ai offers 24/7 customer support through chat, email, and phone."
Others,How do I get started with Zithara.ai?,You can sign up on the website and follow the onboarding process to set up your account.
Others,Is there a free trial for Zithara.ai?,"Yes, Zithara.ai offers a free trial for new users to explore the platform's features."
Others,How often does Zithara.ai release updates?,Zithara.ai regularly updates its platform to introduce new features and enhancements.
Others,Can I request a demo before purchasing?,"Yes, you can schedule a free demo with our team to explore the platform."
Others,Does Zithara.ai offer white-label solutions?,"Yes, white-label solutions are available for businesses looking to customize the platform."
Others,Can I use Zithara.ai for small businesses?,"Yes, Zithara.ai offers scalable solutions suitable for businesses of all sizes."
Others,Does Zithara.ai provide analytics?,"Yes, Zithara.ai offers real-time analytics to help businesses track and optimize performance."
Platform,What is Zithara.ai? (More details),Zithara.ai is an AI-driven platform designed to enhance customer engagement and business automation. Contact support for further information.
Platform,What is Zithara.ai? (More details),Zithara.ai is an AI-driven platform designed to enhance customer engagement and business automation. Contact support for further information.
Platform,What is Zithara.ai? (More details),Zithara.ai is an AI-driven platform designed to enhance customer engagement and business automation. Contact support for further information.
Platform,What is Zithara.ai? (More details),Zithara.ai is an AI-driven platform designed to enhance customer engagement and business automation. Contact support for further information.
Platform,What is Zithara.ai? (More details),Zithara.ai is an AI-driven platform designed to enhance customer engagement and business automation. Contact support for further information.
Platform,What is Zithara.ai? (More details),Zithara.ai is an AI-driven platform designed to enhance customer engagement and business automation. Contact support for further information.
Platform,What is Zithara.ai? (More details),Zithara.ai is an AI-driven platform designed to enhance customer engagement and business automation. Contact support for further information.
Platform,What is Zithara.ai? (More details),Zithara.ai is an AI-driven platform designed to enhance customer engagement and business automation. Contact support for further information.
Platform,What is Zithara.ai? (More details),Zithara.ai is an AI-driven platform designed to enhance customer engagement and business automation. Contact support for further information.
Platform,What is Zithara.ai? (More details),Zithara.ai is an AI-driven platform designed to enhance customer engagement and business automation. Contact support for further information.
Platform,What is Zithara.ai? (More details),Zithara.ai is an AI-driven platform designed to enhance customer engagement and business automation. Contact support for further information.
Platform,What is Zithara.ai? (More details),Zithara.ai is an AI-driven platform designed to enhance customer engagement and business automation. Contact support for further information.
Platform,What is Zithara.ai? (More details),Zithara.ai is an AI-driven platform designed to enhance customer engagement and business automation. Contact support for further information.
Platform,What is Zithara.ai? (More details),Zithara.ai is an AI-driven platform designed to enhance customer engagement and business automation. Contact support for further information.
Platform,What is Zithara.ai? (More details),Zithara.ai is an AI-driven platform designed to enhance customer engagement and business automation. Contact support for further information.
Platform,What is Zithara.ai? (More details),Zithara.ai is an AI-driven platform designed to enhance customer engagement and business automation. Contact support for further information.
Platform,What is Zithara.ai? (More details),Zithara.ai is an AI-driven platform designed to enhance customer engagement and business automation. Contact support for further information.
Platform,What is Zithara.ai? (More details),Zithara.ai is an AI-driven platform designed to enhance customer engagement and business automation. Contact support for further information.
Platform,What is Zithara.ai? (More details),Zithara.ai is an AI-driven platform designed to enhance customer engagement and business automation. Contact support for further information.
Platform,What is Zithara.ai? (More details),Zithara.ai is an AI-driven platform designed to enhance customer engagement and business automation. Contact support for further information.
Platform,What is Zithara.ai? (More details),Zithara.ai is an AI-driven platform designed to enhance customer engagement and business automation. Contact support for further information.
Platform,What is Zithara.ai? (More details),Zithara.ai is an AI-driven platform designed to enhance customer engagement and business automation. Contact support for further information.
Platform,What is Zithara.ai? (More details),Zithara.ai is an AI-driven platform designed to enhance customer engagement and business automation. Contact support for further information.
Platform,What is Zithara.ai? (More details),Zithara.ai is an AI-driven platform designed to enhance customer engagement and business automation. Contact support for further information.
Platform,What is Zithara.ai? (More details),Zithara.ai is an AI-driven platform designed to enhance customer engagement and business automation. Contact support for further information.
Platform,What is Zithara.ai? (More details),Zithara.ai is an AI-driven platform designed to enhance customer engagement and business automation. Contact support for further information.
Platform,What is Zithara.ai? (More details),Zithara.ai is an AI-driven platform designed to enhance customer engagement and business automation. Contact support for further information.
Platform,What is Zithara.ai? (More details),Zithara.ai is an AI-driven platform designed to enhance customer engagement and business automation. Contact support for further information.
Platform,What is Zithara.ai? (More details),Zithara.ai is an AI-driven platform designed to enhance customer engagement and business automation. Contact support for further information.
Platform,What is Zithara.ai? (More details),Zithara.ai is an AI-driven platform designed to enhance customer engagement and business automation. Contact support for further information.
Platform,What is Zithara.ai? (More details),Zithara.ai is an AI-driven platform designed to enhance customer engagement and business automation. Contact support for further information.
Platform,What is Zithara.ai? (More details),Zithara.ai is an AI-driven platform designed to enhance customer engagement and business automation. Contact support for further information.
Platform,What is Zithara.ai? (More details),Zithara.ai is an AI-driven platform designed to enhance customer engagement and business automation. Contact support for further information.
Platform,What is Zithara.ai? (More details),Zithara.ai is an AI-driven platform designed to enhance customer engagement and business automation. Contact support for further information.
Platform,What is Zithara.ai? (More details),Zithara.ai is an AI-driven platform designed to enhance customer engagement and business automation. Contact support for further information.
Platform,What is Zithara.ai? (More details),Zithara.ai is an AI-driven platform designed to enhance customer engagement and business automation. Contact support for further information.
Platform,What is Zithara.ai? (More details),Zithara.ai is an AI-driven platform designed to enhance customer engagement and business automation. Contact support for further information.
Platform,What is Zithara.ai? (More details),Zithara.ai is an AI-driven platform designed to enhance customer engagement and business automation. Contact support for further information.
Platform,What is Zithara.ai? (More details),Zithara.ai is an AI-driven platform designed to enhance customer engagement and business automation. Contact support for further information.
Platform,What is Zithara.ai? (More details),Zithara.ai is an AI-driven platform designed to enhance customer engagement and business automation. Contact support for further information.
Platform,What is Zithara.ai? (More details),Zithara.ai is an AI-driven platform designed to enhance customer engagement and business automation. Contact support for further information.
Platform,What is Zithara.ai? (More details),Zithara.ai is an AI-driven platform designed to enhance customer engagement and business automation. Contact support for further information.
Platform,What is Zithara.ai? (More details),Zithara.ai is an AI-driven platform designed to enhance customer engagement and business automation. Contact support for further information.
Platform,What is Zithara.ai? (More details),Zithara.ai is an AI-driven platform designed to enhance customer engagement and business automation. Contact support for further information.
Platform,What is Zithara.ai? (More details),Zithara.ai is an AI-driven platform designed to enhance customer engagement and business automation. Contact support for further information.
Platform,What is Zithara.ai? (More details),Zithara.ai is an AI-driven platform designed to enhance customer engagement and business automation. Contact support for further information.
Platform,What is Zithara.ai? (More details),Zithara.ai is an AI-driven platform designed to enhance customer engagement and business automation. Contact support for further information.
Platform,What is Zithara.ai? (More details),Zithara.ai is an AI-driven platform designed to enhance customer engagement and business automation. Contact support for further information.
Platform,What is Zithara.ai? (More details),Zithara.ai is an AI-driven platform designed to enhance customer engagement and business automation. Contact support for further information.
Platform,What is Zithara.ai? (More details),Zithara.ai is an AI-driven platform designed to enhance customer engagement and business automation. Contact support for further information.
Platform,What is Zithara.ai? (More details),Zithara.ai is an AI-driven platform designed to enhance customer engagement and business automation. Contact support for further information.
Platform,What is Zithara.ai? (More details),Zithara.ai is an AI-driven platform designed to enhance customer engagement and business automation. Contact support for further information.
Platform,What is Zithara.ai? (More details),Zithara.ai is an AI-driven platform designed to enhance customer engagement and business automation. Contact support for further information.
Platform,What is Zithara.ai? (More details),Zithara.ai is an AI-driven platform designed to enhance customer engagement and business automation. Contact support for further information.
Platform,What is Zithara.ai? (More details),Zithara.ai is an AI-driven platform designed to enhance customer engagement and business automation. Contact support for further information.
Platform,What is Zithara.ai? (More details),Zithara.ai is an AI-driven platform designed to enhance customer engagement and business automation. Contact support for further information.
Platform,What is Zithara.ai? (More details),Zithara.ai is an AI-driven platform designed to enhance customer engagement and business automation. Contact support for further information.
Platform,What is Zithara.ai? (More details),Zithara.ai is an AI-driven platform designed to enhance customer engagement and business automation. Contact support for further information.
Platform,What is Zithara.ai? (More details),Zithara.ai is an AI-driven platform designed to enhance customer engagement and business automation. Contact support for further information.
Platform,What is Zithara.ai? (More details),Zithara.ai is an AI-driven platform designed to enhance customer engagement and business automation. Contact support for further information.
Platform,What is Zithara.ai? (More details),Zithara.ai is an AI-driven platform designed to enhance customer engagement and business automation. Contact support for further information.
Platform,What is Zithara.ai? (More details),Zithara.ai is an AI-driven platform designed to enhance customer engagement and business automation. Contact support for further information.
Platform,What is Zithara.ai? (More details),Zithara.ai is an AI-driven platform designed to enhance customer engagement and business automation. Contact support for further information.
Platform,What is Zithara.ai? (More details),Zithara.ai is an AI-driven platform designed to enhance customer engagement and business automation. Contact support for further information.
Platform,What is Zithara.ai? (More details),Zithara.ai is an AI-driven platform designed to enhance customer engagement and business automation. Contact support for further information.
Platform,What is Zithara.ai? (More details),Zithara.ai is an AI-driven platform designed to enhance customer engagement and business automation. Contact support for further information.
Platform,What is Zithara.ai? (More details),Zithara.ai is an AI-driven platform designed to enhance customer engagement and business automation. Contact support for further information.
Platform,What is Zithara.ai? (More details),Zithara.ai is an AI-driven platform designed to enhance customer engagement and business automation. Contact support for further information.
Platform,What is Zithara.ai? (More details),Zithara.ai is an AI-driven platform designed to enhance customer engagement and business automation. Contact support for further information.
Platform,What is Zithara.ai? (More details),Zithara.ai is an AI-driven platform designed to enhance customer engagement and business automation. Contact support for further information.
Platform,What is Zithara.ai? (More details),Zithara.ai is an AI-driven platform designed to enhance customer engagement and business automation. Contact support for further information.
Platform,What is Zithara.ai? (More details),Zithara.ai is an AI-driven platform designed to enhance customer engagement and business automation. Contact support for further information.
Platform,What is Zithara.ai? (More details),Zithara.ai is an AI-driven platform designed to enhance customer engagement and business automation. Contact support for further information.
Platform,What is Zithara.ai? (More details),Zithara.ai is an AI-driven platform designed to enhance customer engagement and business automation. Contact support for further information.
Platform,What is Zithara.ai? (More details),Zithara.ai is an AI-driven platform designed to enhance customer engagement and business automation. Contact support for further information.
Platform,What is Zithara.ai? (More details),Zithara.ai is an AI-driven platform designed to enhance customer engagement and business automation. Contact support for further information.
Platform,What is Zithara.ai? (More details),Zithara.ai is an AI-driven platform designed to enhance customer engagement and business automation. Contact support for further information.
Platform,What is Zithara.ai? (More details),Zithara.ai is an AI-driven platform designed to enhance customer engagement and business automation. Contact support for further information.
Platform,What is Zithara.ai? (More details),Zithara.ai is an AI-driven platform designed to enhance customer engagement and business automation. Contact support for further information.
Platform,What is Zithara.ai? (More details),Zithara.ai is an AI-driven platform designed to enhance customer engagement and business automation. Contact support for further information.
Platform,What is Zithara.ai? (More details),Zithara.ai is an AI-driven platform designed to enhance customer engagement and business automation. Contact support for further information.
Platform,What is Zithara.ai? (More details),Zithara.ai is an AI-driven platform designed to enhance customer engagement and business automation. Contact support for further information.
Platform,What is Zithara.ai? (More details),Zithara.ai is an AI-driven platform designed to enhance customer engagement and business automation. Contact support for further information.
Platform,What is Zithara.ai? (More details),Zithara.ai is an AI-driven platform designed to enhance customer engagement and business automation. Contact support for further information.
Platform,What is Zithara.ai? (More details),Zithara.ai is an AI-driven platform designed to enhance customer engagement and business automation. Contact support for further information.
Platform,What is Zithara.ai? (More details),Zithara.ai is an AI-driven platform designed to enhance customer engagement and business automation. Contact support for further information.
Platform,What is Zithara.ai? (More details),Zithara.ai is an AI-driven platform designed to enhance customer engagement and business automation. Contact support for further information.
Platform,What is Zithara.ai? (More details),Zithara.ai is an AI-driven platform designed to enhance customer engagement and business automation. Contact support for further information.
Platform,What is Zithara.ai? (More details),Zithara.ai is an AI-driven platform designed to enhance customer engagement and business automation. Contact support for further information.
Platform,What is Zithara.ai? (More details),Zithara.ai is an AI-driven platform designed to enhance customer engagement and business automation. Contact support for further information.
Luxury Retail,What are your store hours?,Our store hours vary by location. Please check our website for details.
Luxury Retail,Do you offer international shipping?,"Yes, we offer international shipping to selected countries."
Luxury Retail,What is your return policy?,You can return items within 30 days with the original receipt and packaging.
Luxury Retail,How can I track my order?,You can track your order using the tracking number provided in your confirmation email.
Luxury Retail,Do you offer gift wrapping?,"Yes, we provide complimentary gift wrapping for all purchases."
Luxury Retail,What payment methods do you accept?,Please visit our website or contact support for more details.
Luxury Retail,Are there any ongoing promotions or discounts?,Please visit our website or contact support for more details.
Luxury Retail,Can I customize a product?,Please visit our website or contact support for more details.
Luxury Retail,How do I check the authenticity of your products?,Please visit our website or contact support for more details.
Luxury Retail,Do you have a loyalty program?,Please visit our website or contact support for more details.
Luxury Retail,How can I redeem my loyalty points?,Please visit our website or contact support for more details.
Luxury Retail,Can I schedule a personal shopping appointment?,Please visit our website or contact support for more details.
Luxury Retail,What luxury brands do you carry?,Please visit our website or contact support for more details.
Luxury Retail,Do you have an online store?,Please visit our website or contact support for more details.
Luxury Retail,How do I know my size for clothing or shoes?,Please visit our website or contact support for more details.
Luxury Retail,What is your exchange policy?,Please visit our website or contact support for more details.
Luxury Retail,Do you offer financing options for purchases?,Please visit our website or contact support for more details.
Luxury Retail,Are your products ethically sourced?,Please visit our website or contact support for more details.
Luxury Retail,Can I reserve an item before purchasing?,Please visit our website or contact support for more details.
Luxury Retail,Do you offer corporate gifting solutions?,Please visit our website or contact support for more details.
Luxury Retail,What materials are used in your products?,Please visit our website or contact support for more details.
Luxury Retail,How do I care for my luxury handbags?,Please visit our website or contact support for more details.
Luxury Retail,Can I return an online order in-store?,Please visit our website or contact support for more details.
Luxury Retail,Do you offer concierge services?,Please visit our website or contact support for more details.
Luxury Retail,Are there VIP shopping experiences available?,Please visit our website or contact support for more details.
Luxury Retail,How can I sign up for exclusive events?,Please visit our website or contact support for more details.
Luxury Retail,Do you offer gift cards?,Please visit our website or contact support for more details.
Luxury Retail,Can I combine multiple discounts or promotions?,Please visit our website or contact support for more details.
Luxury Retail,How do I cancel my order?,Please visit our website or contact support for more details.
Luxury Retail,Do you have a repair service for damaged items?,Please visit our website or contact support for more details.
Jewellery,Are your diamonds certified?,"Yes, all our diamonds are certified by reputable gemological institutes."
Jewellery,What types of metals do you use?,"We use gold, platinum, silver, and other high-quality metals."
Jewellery,Do you offer custom jewelry designs?,"Yes, we provide custom jewelry design services. Contact us for details."
Jewellery,Can I resize a ring after purchase?,"Yes, we offer ring resizing services within a specific time frame."
Jewellery,What is your return policy on jewelry?,Jewelry can be returned within 14 days if unworn and in original condition.
Jewellery,How do I clean and maintain my jewelry?,Please visit our website or contact support for more details.
Jewellery,Do you provide insurance for jewelry?,Please visit our website or contact support for more details.
Jewellery,Are your gemstones ethically sourced?,Please visit our website or contact support for more details.
Jewellery,What’s the difference between natural and lab-grown diamonds?,Please visit our website or contact support for more details.
Jewellery,Can I trade in my old jewelry for a new piece?,Please visit our website or contact support for more details.
Jewellery,How do I determine my ring size?,Please visit our website or contact support for more details.
Jewellery,Do you offer engraving services?,Please visit our website or contact support for more details.
Jewellery,What’s the best way to store fine jewelry?,Please visit our website or contact support for more details.
Jewellery,Can I get my jewelry appraised?,Please visit our website or contact support for more details.
Jewellery,Do you sell conflict-free diamonds?,Please visit our website or contact support for more details.
Jewellery,What are your most popular engagement rings?,Please visit our website or contact support for more details.
Jewellery,Do you offer lifetime warranty on jewelry?,Please visit our website or contact support for more details.
Jewellery,Can I design my own engagement ring?,Please visit our website or contact support for more details.
Jewellery,How long does it take for a custom jewelry order?,Please visit our website or contact support for more details.
Jewellery,What are the 4Cs of diamond grading?,Please visit our website or contact support for more details.
Wellness,What wellness services do you offer?,"We offer spa treatments, skincare consultations, and wellness coaching."
Wellness,Do you provide organic wellness products?,"Yes, we have a range of organic and cruelty-free wellness products."
Wellness,Are your spa treatments safe for pregnant women?,"Yes, we offer pregnancy-safe treatments. Please consult our specialists."
Wellness,What skincare brands do you carry?,We carry premium skincare brands known for their quality and effectiveness.
Wellness,Do you have vegan beauty products?,"Yes, we have a variety of vegan and cruelty-free beauty products."
Wellness,Can I book an appointment online?,Please visit our website or contact support for more details.
Wellness,What’s the best skincare routine for sensitive skin?,Please visit our website or contact support for more details.
Wellness,How do I choose the right essential oils?,Please visit our website or contact support for more details.
Wellness,Do you offer home delivery for wellness products?,Please visit our website or contact support for more details.
Wellness,What’s the shelf life of your organic products?,Please visit our website or contact support for more details.
Wellness,Can I request a personalized wellness consultation?,Please visit our website or contact support for more details.
Wellness,Do you offer gift cards for spa treatments?,Please visit our website or contact support for more details.
Wellness,What are the benefits of aromatherapy?,Please visit our website or contact support for more details.
Wellness,Are your wellness products cruelty-free?,Please visit our website or contact support for more details.
Wellness,Do you offer diet and nutrition consultations?,Please visit our website or contact support for more details.
Wellness,Can I get a subscription for wellness products?,Please visit our website or contact support for more details.
Wellness,Do you have organic herbal teas?,Please visit our website or contact support for more details.
Wellness,How can I relieve stress naturally?,Please visit our website or contact support for more details.
Wellness,What essential oils help with sleep?,Please visit our website or contact support for more details.
Wellness,Do you offer yoga and meditation classes?,Please visit our website or contact support for more details.
Platform,What is Zithara.ai?,Zithara.ai is an AI-driven platform designed to enhance customer engagement and business automation.
Platform,How does Zithara.ai work?,Zithara.ai uses artificial intelligence and machine learning to provide personalized solutions for businesses.
Platform,What industries does Zithara.ai serve?,"Zithara.ai serves various industries, including retail, finance, healthcare, and e-commerce."
Platform,Is Zithara.ai cloud-based?,"Yes, Zithara.ai is a cloud-based platform that offers scalability and security."
Platform,Can I integrate Zithara.ai with other software?,"Yes, Zithara.ai supports integration with multiple third-party applications via APIs."
Platform,Does Zithara.ai offer automation features?,"Yes, the platform provides automation tools for marketing, sales, and customer support."
Platform,What AI technologies does Zithara.ai use?,"Zithara.ai leverages NLP, machine learning, and predictive analytics to optimize user engagement."
Platform,Can Zithara.ai handle high user traffic?,"Yes, Zithara.ai is built to handle large-scale operations with ease."
Platform,How does Zithara.ai improve customer service?,"Zithara.ai automates responses, offers AI-driven chatbots, and provides real-time customer insights."
Platform,Does Zithara.ai support multilingual interactions?,"Yes, Zithara.ai supports multiple languages for better customer experience."
Branding,How does Zithara.ai help with branding?,Zithara.ai provides AI-powered insights and automation to enhance brand presence and customer engagement.
Branding,Can Zithara.ai personalize customer interactions?,"Yes, Zithara.ai leverages AI to tailor customer experiences based on user behavior and preferences."
Branding,Does Zithara.ai offer marketing automation?,"Yes, Zithara.ai includes marketing automation tools to streamline campaigns and improve efficiency."
Branding,Can Zithara.ai track brand performance?,"Yes, Zithara.ai provides analytics and reporting tools to measure brand performance and customer engagement."
Branding,How does Zithara.ai improve customer retention?,"Zithara.ai uses AI-driven insights to predict customer needs and offer personalized experiences, improving retention."
Branding,Can Zithara.ai help in social media management?,"Yes, Zithara.ai provides AI tools to manage and optimize social media campaigns."
Branding,Does Zithara.ai offer competitor analysis?,"Yes, the platform provides insights on competitors to help refine branding strategies."
Branding,Can Zithara.ai generate automated content?,"Yes, Zithara.ai can create AI-generated content for blogs, social media, and emails."
Branding,Does Zithara.ai help with SEO?,"Yes, the platform provides SEO recommendations and AI-driven content optimization."
Branding,Can Zithara.ai assist with influencer marketing?,"Yes, Zithara.ai helps identify and connect with relevant influencers for brand promotion."
Others,Is Zithara.ai secure?,"Yes, Zithara.ai uses advanced encryption and security protocols to protect user data."
Others,What are the pricing plans for Zithara.ai?,Zithara.ai offers flexible pricing plans based on business needs. Contact sales for more details.
Others,Does Zithara.ai provide customer support?,"Yes, Zithara.ai offers 24/7 customer support through chat, email, and phone."
Others,How do I get started with Zithara.ai?,You can sign up on the website and follow the onboarding process to set up your account.
Others,Is there a free trial for Zithara.ai?,"Yes, Zithara.ai offers a free trial for new users to explore the platform's features."
Others,How often does Zithara.ai release updates?,Zithara.ai regularly updates its platform to introduce new features and enhancements.
Others,Can I request a demo before purchasing?,"Yes, you can schedule a free demo with our team to explore the platform."
Others,Does Zithara.ai offer white-label solutions?,"Yes, white-label solutions are available for businesses looking to customize the platform."
Others,Can I use Zithara.ai for small businesses?,"Yes, Zithara.ai offers scalable solutions suitable for businesses of all sizes."
Others,Does Zithara.ai provide analytics?,"Yes, Zithara.ai offers real-time analytics to help businesses track and optimize performance."
Platform,What is Zithara.ai? (More details),Zithara.ai is an AI-driven platform designed to enhance customer engagement and business automation. Contact support for further information.
Integrations,What third-party applications does Zithara.ai integrate with?,"Zithara.ai integrates with CRM, e-commerce, marketing, and communication platforms such as Salesforce, Shopify, and WhatsApp."
Integrations,Can Zithara.ai integrate with my existing CRM?,"Yes, Zithara.ai supports integrations with major CRM platforms like HubSpot, Salesforce, and Zoho CRM."
Integrations,Does Zithara.ai support API integration?,"Yes, Zithara.ai provides RESTful APIs for seamless integration with external systems."
Integrations,Can Zithara.ai work with WhatsApp Business?,"Yes, Zithara.ai offers WhatsApp Business integration for automated messaging and customer engagement."
Integrations,Does Zithara.ai integrate with social media platforms?,"Yes, Zithara.ai connects with Facebook, Instagram, Twitter, and LinkedIn to enhance social media interactions."
Integrations,How do I set up an integration with Zithara.ai?,"You can set up integrations via our dashboard or API documentation, or reach out to our support team for assistance."
Integrations,Can I connect Zithara.ai with my e-commerce store?,"Yes, Zithara.ai integrates with Shopify, WooCommerce, Magento, and other e-commerce platforms."
Integrations,Does Zithara.ai support ERP integrations?,"Yes, Zithara.ai can integrate with ERP systems like SAP, Oracle, and Microsoft Dynamics."
Integrations,Can I automate workflows using Zithara.ai?,"Yes, Zithara.ai enables workflow automation by integrating with tools like Zapier."
Integrations,Does Zithara.ai integrate with payment gateways?,"Yes, the platform supports payment gateways like Stripe, PayPal, and Razorpay for seamless transactions."
Resources,Does Zithara.ai provide learning resources?,"Yes, Zithara.ai offers tutorials, webinars, and documentation to help users get started."
Resources,Where can I find API documentation for Zithara.ai?,API documentation is available on our developer portal for easy integration and development.
Resources,Does Zithara.ai offer case studies?,"Yes, you can explore customer success stories and case studies on our website."
Resources,Are there video tutorials for Zithara.ai?,"Yes, we provide video tutorials and demo walkthroughs for better understanding."
Resources,How do I access the Zithara.ai knowledge base?,You can visit our website's support section to access the knowledge base and FAQs.
Resources,Does Zithara.ai have a community forum?,"Yes, we have an active community forum where users can discuss features and solutions."
Resources,Can I download Zithara.ai user manuals?,"Yes, downloadable user manuals and guides are available on our website."
Resources,Does Zithara.ai offer developer support?,"Yes, we provide dedicated developer support and API documentation for integrations."
Resources,Is there a blog for Zithara.ai updates?,"Yes, our blog features the latest product updates, AI trends, and industry insights."
General,What is a product-based company?,A product-based company develops and sells its own software or physical products to consumers or businesses.
General,How does a product-based company differ from a service-based company?,"Product-based companies create and sell products, while service-based companies provide specialized services to clients."
General,What are some examples of product-based companies?,"Examples include Apple, Google, Microsoft, Tesla, and Adobe."
General,What industries do product-based companies operate in?,"They operate in technology, consumer goods, healthcare, automotive, and various other industries."
General,How do product-based companies generate revenue?,"They generate revenue by selling products, subscriptions, licensing fees, and value-added services."
Product Development,What is the product development lifecycle?,"The product development lifecycle includes ideation, research, prototyping, testing, and launch."
Product Development,How do product-based companies innovate?,"They innovate through research, customer feedback, and continuous iteration."
Product Development,What role does customer feedback play in product development?,Customer feedback helps companies refine features and improve user experience.
Product Development,What is the importance of UI/UX in product development?,UI/UX design ensures user-friendly and visually appealing products that improve customer retention.
Product Development,How do product-based companies handle scalability?,"They use cloud computing, microservices, and scalable infrastructure to accommodate growth."
Sales & Marketing,How do product-based companies market their products?,"They use digital marketing, social media, SEO, paid ads, and influencer partnerships."
Sales & Marketing,What is the role of branding in product-based companies?,Branding helps establish a strong identity and differentiates the product from competitors.
Sales & Marketing,How do product-based companies reach global markets?,"They use online platforms, localization, and international partnerships."
Sales & Marketing,What is SaaS marketing?,SaaS marketing involves promoting software-as-a-service products through inbound and outbound strategies.
Sales & Marketing,How do product-based companies measure marketing success?,"They track key metrics such as conversion rates, customer acquisition costs, and engagement."
Customer Support,How do product-based companies provide customer support?,"They offer live chat, email, phone support, knowledge bases, and AI-driven chatbots."
Customer Support,What is a customer success strategy?,"A customer success strategy ensures customers receive maximum value from a product, leading to long-term retention."
Customer Support,Why is customer feedback important for product improvement?,It helps identify pain points and areas for enhancement.
Customer Support,What are the common customer support tools used?,"Companies use Zendesk, Freshdesk, Intercom, and HubSpot for support management."
Customer Support,How do companies handle negative reviews?,"They address concerns promptly, offer solutions, and improve product quality."
Hiring & Culture,What skills are required to work in a product-based company?,"Skills include coding, problem-solving, UX design, product management, and data analysis."
Hiring & Culture,How do product-based companies hire talent?,"They use online job portals, campus recruitment, hackathons, and referrals."
Hiring & Culture,What is the work culture like in a product-based company?,"It is innovation-driven, fast-paced, and focused on problem-solving."
Hiring & Culture,How do product-based companies retain employees?,"They offer career growth, work-life balance, stock options, and competitive salaries."
Hiring & Culture,Do product-based companies offer remote work opportunities?,"Yes, many companies now offer hybrid or remote work options."
General,What is a product-based company? (More insights),A product-based company develops and sells its own software or physical products to consumers or businesses. Contact our support for further details.
General,What is an e-commerce platform?,An e-commerce platform is an online system that allows businesses to sell products or services over the internet.
General,What are the benefits of using an e-commerce service?,"E-commerce services provide convenience, global reach, and 24/7 availability for customers."
General,How do I start an online store?,"You can start an online store by choosing an e-commerce platform, setting up products, and marketing your store."
General,What payment methods do e-commerce platforms accept?,"Most platforms accept credit/debit cards, PayPal, digital wallets, and bank transfers."
General,How secure are e-commerce transactions?,"E-commerce platforms use SSL encryption, fraud detection, and secure payment gateways to ensure transaction security."
Orders & Shipping,How can I track my order?,You can track your order by using the tracking number provided in your order confirmation email.
Orders & Shipping,How long does shipping take?,"Shipping times vary based on location and delivery method, typically ranging from 2 to 7 days."
Orders & Shipping,Can I change my shipping address after placing an order?,"In most cases, address changes can be made before the order is shipped. Contact customer support for assistance."
Orders & Shipping,Do you offer international shipping?,"Yes, we offer international shipping to multiple countries. Shipping charges may apply based on destination."
Orders & Shipping,What are the shipping costs?,"Shipping costs depend on the order value, location, and selected shipping method."
Returns & Refunds,What is your return policy?,"Our return policy allows returns within 30 days of purchase, provided the item is in original condition."
Returns & Refunds,How do I request a refund?,You can request a refund by submitting a return request through your account or contacting customer support.
Returns & Refunds,How long does it take to process a refund?,Refunds typically take 5-7 business days after the returned item is received and inspected.
Returns & Refunds,Can I return an item if it is damaged?,"Yes, if your item arrives damaged, contact our support team for a replacement or refund."
Returns & Refunds,Are there items that cannot be returned?,"Some items, such as perishable goods and personalized products, are not eligible for return."
Payments & Security,Is my payment information secure?,"Yes, we use encrypted payment gateways to ensure your transactions are secure."
Payments & Security,Do you accept installment payments?,"Yes, we offer installment payments through selected payment partners."
Payments & Security,What should I do if my payment fails?,"Ensure your payment details are correct, or try using a different payment method."
Payments & Security,Can I save my payment details for future purchases?,"Yes, you can securely save your payment details for a faster checkout experience."
Payments & Security,How can I prevent fraud while shopping online?,"Always shop on secure websites, avoid sharing sensitive information, and enable two-factor authentication."
Customer Support,How do I contact customer service?,"You can contact us via live chat, email, or phone support for assistance."
Customer Support,What are your customer service hours?,Our customer support is available 24/7 to assist with any inquiries.
Customer Support,Can I cancel my order after placing it?,Order cancellations are possible before the order is shipped. Contact support for help.
Customer Support,How do I report an issue with my order?,You can report issues through your account dashboard or by reaching out to our support team.
Customer Support,Do you offer live chat support?,"Yes, we offer live chat support to assist you in real-time."
General,What is an e-commerce platform? (More details),An e-commerce platform is an online system that allows businesses to sell products or services over the internet. Please check our help center for further information.
Product & Inventory,How do I check if an item is in stock?,You can check stock availability on the product page or contact our support team.
Product & Inventory,Can I pre-order items that are out of stock?,"Yes, pre-orders are available for selected products. You will be notified once they are back in stock."
Product & Inventory,How often do you update your inventory?,Our inventory is updated in real-time to ensure accurate stock availability.
Product & Inventory,Can I request a custom order?,"Yes, for certain products, custom orders can be placed through our website."
Product & Inventory,Do you offer bulk purchasing discounts?,"Yes, we provide discounts for bulk purchases. Contact sales for more details."
Account & Membership,Do I need an account to place an order?,"No, you can checkout as a guest, but having an account allows you to track orders and receive special offers."
Account & Membership,How do I create an account?,You can create an account by signing up with your email and setting a password.
Account & Membership,How do I reset my password?,Click on 'Forgot Password' at login and follow the instructions to reset your password.
Account & Membership,Can I delete my account?,"Yes, you can request account deletion by contacting our customer support team."
Account & Membership,Do you offer a loyalty program?,"Yes, we offer a rewards program for frequent shoppers. Earn points for discounts and exclusive deals."
Delivery & Pickup,Do you offer same-day delivery?,"Yes, same-day delivery is available for selected locations and products."
Delivery & Pickup,Can I schedule a delivery for a specific date?,"Yes, you can choose a preferred delivery date during checkout."
Delivery & Pickup,What happens if I miss my delivery?,Our courier partner will attempt delivery again or leave instructions for pickup.
Delivery & Pickup,Do you offer in-store pickup?,"Yes, you can select 'Store Pickup' during checkout if the option is available."
Delivery & Pickup,Can I change my delivery method after placing an order?,"Yes, you can modify your delivery preferences before the order is shipped."
Technical Support,Why am I unable to add items to my cart?,Ensure you are logged in and the item is in stock. Try clearing your browser cache.
Technical Support,How do I report a website bug?,You can report issues through our contact page or email our support team.
Technical Support,Is my personal data safe on your website?,"Yes, we follow strict security protocols to protect customer data."
Technical Support,Do you have a mobile app?,"Yes, our mobile app is available for iOS and Android devices."
Technical Support,How do I update my billing information?,You can update billing details from your account settings.
Product & Inventory,How do I check if an item is in stock? (Further details),You can check stock availability on the product page or contact our support team. Please reach out to customer support for additional assistance.
Product Innovation,How do product-based companies ensure innovation?,"They invest in research and development, customer feedback, and market analysis."
Product Innovation,What is the role of patents in a product-based company?,"Patents protect unique innovations, giving companies a competitive edge."
Product Innovation,How do companies test new product ideas?,"They conduct surveys, prototypes, A/B testing, and market research."
Product Innovation,What are MVPs in product development?,A Minimum Viable Product (MVP) is a basic version of a product to test its viability.
Product Innovation,How do companies handle product failures?,"They analyze customer feedback, iterate improvements, and relaunch if necessary."
Product Lifecycle,What are the stages of a product lifecycle?,"The stages include introduction, growth, maturity, and decline."
Product Lifecycle,How do companies determine product-market fit?,"They analyze customer needs, user engagement, and revenue growth."
Product Lifecycle,What is a go-to-market strategy?,It is a plan to launch and promote a new product effectively in the market.
Product Lifecycle,Why do some products get discontinued?,"Low demand, high production costs, or market saturation can lead to discontinuation."
Product Lifecycle,How do companies extend a product’s lifecycle?,"Through updates, rebranding, marketing campaigns, and feature enhancements."
Technology & Scalability,How do product-based companies scale their infrastructure?,"They use cloud services, microservices, and distributed databases."
Technology & Scalability,What is the importance of APIs in product-based companies?,"APIs enable integration with other platforms, expanding product capabilities."
Technology & Scalability,How do companies ensure high product availability?,"By implementing load balancing, failover systems, and redundancy."
Technology & Scalability,What role does DevOps play in a product-based company?,"DevOps streamlines development, testing, and deployment for faster releases."
Technology & Scalability,How do companies handle sudden spikes in user traffic?,By using scalable cloud architecture and auto-scaling features.
Competition & Branding,How do product-based companies differentiate themselves?,"Through unique features, strong branding, and superior customer experience."
Competition & Branding,What is the importance of brand loyalty?,Brand loyalty ensures repeat customers and long-term business success.
Competition & Branding,How do companies protect their brand identity?,"They use trademarks, copyrights, and consistent branding strategies."
Competition & Branding,What role does storytelling play in product marketing?,Storytelling helps create an emotional connection with customers.
Competition & Branding,How do companies handle competition from new startups?,By innovating continuously and improving customer engagement strategies.
Customer Experience,Why is user experience (UX) important in product design?,"Good UX improves customer satisfaction, retention, and sales."
Customer Experience,How do companies collect user feedback?,"Through surveys, analytics, social media, and customer support channels."
Customer Experience,What is the importance of beta testing?,Beta testing helps identify issues before a full product launch.
Customer Experience,How do companies handle negative product reviews?,"By addressing concerns, offering solutions, and improving product quality."
Customer Experience,How do companies personalize customer experiences?,"Using AI-driven recommendations, personalized marketing, and user behavior analysis."
Product Innovation,How do product-based companies ensure innovation? (Detailed explanation),"They invest in research and development, customer feedback, and market analysis. Contact our product team for further insights."
Product Feedback,How satisfied are you with the product quality?,We value your feedback to improve our products.
Product Feedback,What features would you like to see in future updates?,Your suggestions help us innovate better products.
Product Feedback,Did the product meet your expectations?,We strive to provide the best experience possible.
Product Feedback,How would you rate the usability of the product?,"Ease of use is our priority, and your feedback helps."
Product Feedback,What improvements would you suggest for this product?,We welcome constructive feedback to enhance our offerings.
Customer Support Feedback,How satisfied are you with our customer support?,Your feedback helps us improve our service quality.
Customer Support Feedback,Was your issue resolved in a timely manner?,We aim to provide fast and efficient support.
Customer Support Feedback,How likely are you to recommend our support team?,Your recommendations help us grow and improve.
Customer Support Feedback,What can we do to enhance our customer service?,We are always looking to improve based on customer needs.
Customer Support Feedback,Did you find our support resources helpful?,Let us know if we can add more useful resources.
User Experience,How easy was it to navigate our website/app?,We aim to make our platform as user-friendly as possible.
User Experience,Did you face any difficulties using our product?,Your feedback helps us enhance user experience.
User Experience,What do you like most about our product?,Knowing what you enjoy helps us improve further.
User Experience,Would you purchase from us again?,We strive to create long-term relationships with our customers.
User Experience,How visually appealing do you find our platform?,A good design enhances the overall user experience.
Pricing & Value,Do you think the product is priced fairly?,We aim to provide the best value for our customers.
Pricing & Value,Would you consider our product a good investment?,Customer satisfaction is our top priority.
Pricing & Value,How do you feel about the pricing compared to competitors?,We strive to offer competitive pricing.
Pricing & Value,Would you be willing to pay more for additional features?,Your input helps us shape future pricing strategies.
Pricing & Value,Do you think we offer good discounts and promotions?,We always aim to provide the best deals for our customers.
Loyalty & Recommendation,Would you recommend our product to others?,Your recommendations mean a lot to us.
Loyalty & Recommendation,How likely are you to return for another purchase?,We aim to keep our customers happy and coming back.
Loyalty & Recommendation,What would encourage you to refer a friend?,Referral programs help us grow together with our customers.
Loyalty & Recommendation,How can we improve our loyalty rewards?,We value our loyal customers and their input.
Loyalty & Recommendation,What keeps you engaged with our brand?,Understanding this helps us create better experiences.
Product Feedback,How satisfied are you with the product quality? (Your detailed feedback is appreciated),We value your feedback to improve our products. Please share your thoughts for continuous improvement.
General,What is a Customer Data Platform (CDP)?,"A CDP is a software that collects, integrates, and organizes customer data from multiple sources."
General,How does a CDP differ from a CRM?,"A CRM focuses on customer interactions, while a CDP unifies data from various sources for a complete customer view."
General,What are the key benefits of using a CDP?,"CDPs provide personalized marketing, data unification, and improved customer insights."
General,Who typically uses a CDP?,"Marketing teams, data analysts, and customer service teams benefit from CDPs."
Data Management,How does a CDP collect data?,"It collects data from websites, mobile apps, CRM, social media, and other platforms."
Data Management,Is customer data stored securely in a CDP?,"Yes, CDPs follow strict data security protocols and compliance measures."
Data Management,Can a CDP integrate with other marketing tools?,"Yes, most CDPs integrate with analytics, email marketing, and automation tools."
Data Management,What type of data does a CDP handle?,"CDPs manage behavioral, transactional, and demographic data."
Personalization,How does a CDP help with customer segmentation?,CDPs categorize customers based on behaviors and preferences for targeted marketing.
Personalization,Can a CDP improve customer engagement?,"Yes, it enables personalized experiences based on customer insights."
Personalization,How does a CDP help with predictive analytics?,It uses AI and machine learning to predict customer behaviors and trends.
Personalization,Can a CDP be used for omnichannel marketing?,"Yes, CDPs create seamless experiences across multiple customer touchpoints."
Compliance & Privacy,Is a CDP GDPR and CCPA compliant?,Most CDPs offer compliance features to meet data privacy regulations.
Compliance & Privacy,How does a CDP handle customer consent management?,CDPs store and manage customer consent preferences for data usage.
Compliance & Privacy,Can a customer request data deletion from a CDP?,"Yes, CDPs support data access and deletion requests."
Implementation,How long does it take to implement a CDP?,Implementation time varies but typically takes a few weeks to months.
Implementation,Does a CDP require technical expertise to set up?,"Some CDPs require IT support, while others are user-friendly for marketing teams."
Implementation,How do companies measure the success of a CDP?,"Success is measured by improved customer retention, engagement, and ROI."
Implementation,What industries benefit most from a CDP?,"Retail, e-commerce, finance, and healthcare companies use CDPs extensively."
General,What is a product-based company?,A product-based company develops and sells its own software or physical products to consumers or businesses.
General,How does a product-based company differ from a service-based company?,"Product-based companies create and sell products, while service-based companies provide specialized services to clients."
General,What are some examples of product-based companies?,"Examples include Apple, Google, Microsoft, Tesla, and Adobe."
General,What industries do product-based companies operate in?,"They operate in technology, consumer goods, healthcare, automotive, and various other industries."
General,How do product-based companies generate revenue?,"They generate revenue by selling products, subscriptions, licensing fees, and value-added services."
Product Development,What is the product development lifecycle?,"The product development lifecycle includes ideation, research, prototyping, testing, and launch."
Product Development,How do product-based companies innovate?,"They innovate through research, customer feedback, and continuous iteration."
Product Development,What role does customer feedback play in product development?,Customer feedback helps companies refine features and improve user experience.
Product Development,What is the importance of UI/UX in product development?,UI/UX design ensures user-friendly and visually appealing products that improve customer retention.
Product Development,How do product-based companies handle scalability?,"They use cloud computing, microservices, and scalable infrastructure to accommodate growth."
Sales & Marketing,How do product-based companies market their products?,"They use digital marketing, social media, SEO, paid ads, and influencer partnerships."
Sales & Marketing,What is the role of branding in product-based companies?,Branding helps establish a strong identity and differentiates the product from competitors.
Sales & Marketing,How do product-based companies reach global markets?,"They use online platforms, localization, and international partnerships."
Sales & Marketing,What is SaaS marketing?,SaaS marketing involves promoting software-as-a-service products through inbound and outbound strategies.
Sales & Marketing,How do product-based companies measure marketing success?,"They track key metrics such as conversion rates, customer acquisition costs, and engagement."
Customer Support,How do product-based companies provide customer support?,"They offer live chat, email, phone support, knowledge bases, and AI-driven chatbots."
Customer Support,What is a customer success strategy?,"A customer success strategy ensures customers receive maximum value from a product, leading to long-term retention."
Customer Support,Why is customer feedback important for product improvement?,It helps identify pain points and areas for enhancement.
Customer Support,What are the common customer support tools used?,"Companies use Zendesk, Freshdesk, Intercom, and HubSpot for support management."
Customer Support,How do companies handle negative reviews?,"They address concerns promptly, offer solutions, and improve product quality."
Hiring & Culture,What skills are required to work in a product-based company?,"Skills include coding, problem-solving, UX design, product management, and data analysis."
Hiring & Culture,How do product-based companies hire talent?,"They use online job portals, campus recruitment, hackathons, and referrals."
Hiring & Culture,What is the work culture like in a product-based company?,"It is innovation-driven, fast-paced, and focused on problem-solving."
Hiring & Culture,How do product-based companies retain employees?,"They offer career growth, work-life balance, stock options, and competitive salaries."
Hiring & Culture,Do product-based companies offer remote work opportunities?,"Yes, many companies now offer hybrid or remote work options."
General,What is a product-based company? (More insights),A product-based company develops and sells its own software or physical products to consumers or businesses. Contact our support for further details.
General,What is a product-based company? (More insights),A product-based company develops and sells its own software or physical products to consumers or businesses. Contact our support for further details.
General,What is a product-based company? (More insights),A product-based company develops and sells its own software or physical products to consumers or businesses. Contact our support for further details.
General,What is a product-based company? (More insights),A product-based company develops and sells its own software or physical products to consumers or businesses. Contact our support for further details.
General,What is a product-based company? (More insights),A product-based company develops and sells its own software or physical products to consumers or businesses. Contact our support for further details.
General,What is a product-based company? (More insights),A product-based company develops and sells its own software or physical products to consumers or businesses. Contact our support for further details.
General,What is a product-based company? (More insights),A product-based company develops and sells its own software or physical products to consumers or businesses. Contact our support for further details.
General,What is a product-based company? (More insights),A product-based company develops and sells its own software or physical products to consumers or businesses. Contact our support for further details.
General,What is a product-based company? (More insights),A product-based company develops and sells its own software or physical products to consumers or businesses. Contact our support for further details.
General,What is a product-based company? (More insights),A product-based company develops and sells its own software or physical products to consumers or businesses. Contact our support for further details.
General,What is a product-based company? (More insights),A product-based company develops and sells its own software or physical products to consumers or businesses. Contact our support for further details.
General,What is a product-based company? (More insights),A product-based company develops and sells its own software or physical products to consumers or businesses. Contact our support for further details.
General,What is a product-based company? (More insights),A product-based company develops and sells its own software or physical products to consumers or businesses. Contact our support for further details.
General,What is a product-based company? (More insights),A product-based company develops and sells its own software or physical products to consumers or businesses. Contact our support for further details.
General,What is a product-based company? (More insights),A product-based company develops and sells its own software or physical products to consumers or businesses. Contact our support for further details.
General,What is a product-based company? (More insights),A product-based company develops and sells its own software or physical products to consumers or businesses. Contact our support for further details.
General,What is a product-based company? (More insights),A product-based company develops and sells its own software or physical products to consumers or businesses. Contact our support for further details.
General,What is a product-based company? (More insights),A product-based company develops and sells its own software or physical products to consumers or businesses. Contact our support for further details.
General,What is a product-based company? (More insights),A product-based company develops and sells its own software or physical products to consumers or businesses. Contact our support for further details.
General,What is a product-based company? (More insights),A product-based company develops and sells its own software or physical products to consumers or businesses. Contact our support for further details.
General,What is a product-based company? (More insights),A product-based company develops and sells its own software or physical products to consumers or businesses. Contact our support for further details.
General,What is a product-based company? (More insights),A product-based company develops and sells its own software or physical products to consumers or businesses. Contact our support for further details.
General,What is a product-based company? (More insights),A product-based company develops and sells its own software or physical products to consumers or businesses. Contact our support for further details.
General,What is a product-based company? (More insights),A product-based company develops and sells its own software or physical products to consumers or businesses. Contact our support for further details.
General,What is a product-based company? (More insights),A product-based company develops and sells its own software or physical products to consumers or businesses. Contact our support for further details.
General,What is a product-based company? (More insights),A product-based company develops and sells its own software or physical products to consumers or businesses. Contact our support for further details.
General,What is a product-based company? (More insights),A product-based company develops and sells its own software or physical products to consumers or businesses. Contact our support for further details.
General,What is a product-based company? (More insights),A product-based company develops and sells its own software or physical products to consumers or businesses. Contact our support for further details.
General,What is a product-based company? (More insights),A product-based company develops and sells its own software or physical products to consumers or businesses. Contact our support for further details.
General,What is a product-based company? (More insights),A product-based company develops and sells its own software or physical products to consumers or businesses. Contact our support for further details.
General,What is a product-based company? (More insights),A product-based company develops and sells its own software or physical products to consumers or businesses. Contact our support for further details.
General,What is a product-based company? (More insights),A product-based company develops and sells its own software or physical products to consumers or businesses. Contact our support for further details.
General,What is a product-based company? (More insights),A product-based company develops and sells its own software or physical products to consumers or businesses. Contact our support for further details.
General,What is a product-based company? (More insights),A product-based company develops and sells its own software or physical products to consumers or businesses. Contact our support for further details.
General,What is a product-based company? (More insights),A product-based company develops and sells its own software or physical products to consumers or businesses. Contact our support for further details.
General,What is a product-based company? (More insights),A product-based company develops and sells its own software or physical products to consumers or businesses. Contact our support for further details.
General,What is a product-based company? (More insights),A product-based company develops and sells its own software or physical products to consumers or businesses. Contact our support for further details.
General,What is a product-based company? (More insights),A product-based company develops and sells its own software or physical products to consumers or businesses. Contact our support for further details.
General,What is a product-based company? (More insights),A product-based company develops and sells its own software or physical products to consumers or businesses. Contact our support for further details.
General,What is a product-based company? (More insights),A product-based company develops and sells its own software or physical products to consumers or businesses. Contact our support for further details.
General,What is a product-based company? (More insights),A product-based company develops and sells its own software or physical products to consumers or businesses. Contact our support for further details.
General,What is a product-based company? (More insights),A product-based company develops and sells its own software or physical products to consumers or businesses. Contact our support for further details.
General,What is a product-based company? (More insights),A product-based company develops and sells its own software or physical products to consumers or businesses. Contact our support for further details.
General,What is a product-based company? (More insights),A product-based company develops and sells its own software or physical products to consumers or businesses. Contact our support for further details.
General,What is a product-based company? (More insights),A product-based company develops and sells its own software or physical products to consumers or businesses. Contact our support for further details.
General,What is a product-based company? (More insights),A product-based company develops and sells its own software or physical products to consumers or businesses. Contact our support for further details.
General,What is a product-based company? (More insights),A product-based company develops and sells its own software or physical products to consumers or businesses. Contact our support for further details.
General,What is a product-based company? (More insights),A product-based company develops and sells its own software or physical products to consumers or businesses. Contact our support for further details.
General,What is a product-based company? (More insights),A product-based company develops and sells its own software or physical products to consumers or businesses. Contact our support for further details.
General,What is a product-based company? (More insights),A product-based company develops and sells its own software or physical products to consumers or businesses. Contact our support for further details.
General,What is a product-based company? (More insights),A product-based company develops and sells its own software or physical products to consumers or businesses. Contact our support for further details.
General,What is a product-based company? (More insights),A product-based company develops and sells its own software or physical products to consumers or businesses. Contact our support for further details.
General,What is a product-based company? (More insights),A product-based company develops and sells its own software or physical products to consumers or businesses. Contact our support for further details.
General,What is a product-based company? (More insights),A product-based company develops and sells its own software or physical products to consumers or businesses. Contact our support for further details.
General,What is a product-based company? (More insights),A product-based company develops and sells its own software or physical products to consumers or businesses. Contact our support for further details.
General,What is a product-based company? (More insights),A product-based company develops and sells its own software or physical products to consumers or businesses. Contact our support for further details.
General,What is a product-based company? (More insights),A product-based company develops and sells its own software or physical products to consumers or businesses. Contact our support for further details.
General,What is a product-based company? (More insights),A product-based company develops and sells its own software or physical products to consumers or businesses. Contact our support for further details.
General,What is a product-based company? (More insights),A product-based company develops and sells its own software or physical products to consumers or businesses. Contact our support for further details.
General,What is a product-based company? (More insights),A product-based company develops and sells its own software or physical products to consumers or businesses. Contact our support for further details.
General,What is a product-based company? (More insights),A product-based company develops and sells its own software or physical products to consumers or businesses. Contact our support for further details.
General,What is a product-based company? (More insights),A product-based company develops and sells its own software or physical products to consumers or businesses. Contact our support for further details.
General,What is a product-based company? (More insights),A product-based company develops and sells its own software or physical products to consumers or businesses. Contact our support for further details.
General,What is a product-based company? (More insights),A product-based company develops and sells its own software or physical products to consumers or businesses. Contact our support for further details.
General,What is a product-based company? (More insights),A product-based company develops and sells its own software or physical products to consumers or businesses. Contact our support for further details.
General,What is a product-based company? (More insights),A product-based company develops and sells its own software or physical products to consumers or businesses. Contact our support for further details.
General,What is a product-based company? (More insights),A product-based company develops and sells its own software or physical products to consumers or businesses. Contact our support for further details.
General,What is a product-based company? (More insights),A product-based company develops and sells its own software or physical products to consumers or businesses. Contact our support for further details.
General,What is a product-based company? (More insights),A product-based company develops and sells its own software or physical products to consumers or businesses. Contact our support for further details.
General,What is a product-based company? (More insights),A product-based company develops and sells its own software or physical products to consumers or businesses. Contact our support for further details.
General,What is a product-based company? (More insights),A product-based company develops and sells its own software or physical products to consumers or businesses. Contact our support for further details.
General,What is a product-based company? (More insights),A product-based company develops and sells its own software or physical products to consumers or businesses. Contact our support for further details.
General,What is a product-based company? (More insights),A product-based company develops and sells its own software or physical products to consumers or businesses. Contact our support for further details.
General,What is a product-based company? (More insights),A product-based company develops and sells its own software or physical products to consumers or businesses. Contact our support for further details.
General,What is a product-based company? (More insights),A product-based company develops and sells its own software or physical products to consumers or businesses. Contact our support for further details.
General,What is a product-based company? (More insights),A product-based company develops and sells its own software or physical products to consumers or businesses. Contact our support for further details.
General,What is a product-based company? (More insights),A product-based company develops and sells its own software or physical products to consumers or businesses. Contact our support for further details.
General,What is a product-based company? (More insights),A product-based company develops and sells its own software or physical products to consumers or businesses. Contact our support for further details.
General,What is a product-based company? (More insights),A product-based company develops and sells its own software or physical products to consumers or businesses. Contact our support for further details.
General,What is a product-based company? (More insights),A product-based company develops and sells its own software or physical products to consumers or businesses. Contact our support for further details.
General,What is a product-based company? (More insights),A product-based company develops and sells its own software or physical products to consumers or businesses. Contact our support for further details.
General,What is a product-based company? (More insights),A product-based company develops and sells its own software or physical products to consumers or businesses. Contact our support for further details.
General,What is a product-based company? (More insights),A product-based company develops and sells its own software or physical products to consumers or businesses. Contact our support for further details.
General,What is a product-based company? (More insights),A product-based company develops and sells its own software or physical products to consumers or businesses. Contact our support for further details.
General,What is a product-based company? (More insights),A product-based company develops and sells its own software or physical products to consumers or businesses. Contact our support for further details.
General,What is a product-based company? (More insights),A product-based company develops and sells its own software or physical products to consumers or businesses. Contact our support for further details.
General,What is a product-based company? (More insights),A product-based company develops and sells its own software or physical products to consumers or businesses. Contact our support for further details.
General,What is a product-based company? (More insights),A product-based company develops and sells its own software or physical products to consumers or businesses. Contact our support for further details.
General,What is a product-based company? (More insights),A product-based company develops and sells its own software or physical products to consumers or businesses. Contact our support for further details.
General,What is a product-based company? (More insights),A product-based company develops and sells its own software or physical products to consumers or businesses. Contact our support for further details.
General,What is a product-based company? (More insights),A product-based company develops and sells its own software or physical products to consumers or businesses. Contact our support for further details.
General,What is a product-based company? (More insights),A product-based company develops and sells its own software or physical products to consumers or businesses. Contact our support for further details.
General,What is a product-based company? (More insights),A product-based company develops and sells its own software or physical products to consumers or businesses. Contact our support for further details.
General,What is a product-based company? (More insights),A product-based company develops and sells its own software or physical products to consumers or businesses. Contact our support for further details.
General,What is a product-based company? (More insights),A product-based company develops and sells its own software or physical products to consumers or businesses. Contact our support for further details.
Product Innovation,How do product-based companies ensure innovation?,"They invest in research and development, customer feedback, and market analysis."
Product Innovation,What is the role of patents in a product-based company?,"Patents protect unique innovations, giving companies a competitive edge."
Product Innovation,How do companies test new product ideas?,"They conduct surveys, prototypes, A/B testing, and market research."
Product Innovation,What are MVPs in product development?,A Minimum Viable Product (MVP) is a basic version of a product to test its viability.
Product Innovation,How do companies handle product failures?,"They analyze customer feedback, iterate improvements, and relaunch if necessary."
Product Lifecycle,What are the stages of a product lifecycle?,"The stages include introduction, growth, maturity, and decline."
Product Lifecycle,How do companies determine product-market fit?,"They analyze customer needs, user engagement, and revenue growth."
Product Lifecycle,What is a go-to-market strategy?,It is a plan to launch and promote a new product effectively in the market.
Product Lifecycle,Why do some products get discontinued?,"Low demand, high production costs, or market saturation can lead to discontinuation."
Product Lifecycle,How do companies extend a product’s lifecycle?,"Through updates, rebranding, marketing campaigns, and feature enhancements."
Technology & Scalability,How do product-based companies scale their infrastructure?,"They use cloud services, microservices, and distributed databases."
Technology & Scalability,What is the importance of APIs in product-based companies?,"APIs enable integration with other platforms, expanding product capabilities."
Technology & Scalability,How do companies ensure high product availability?,"By implementing load balancing, failover systems, and redundancy."
Technology & Scalability,What role does DevOps play in a product-based company?,"DevOps streamlines development, testing, and deployment for faster releases."
Technology & Scalability,How do companies handle sudden spikes in user traffic?,By using scalable cloud architecture and auto-scaling features.
Competition & Branding,How do product-based companies differentiate themselves?,"Through unique features, strong branding, and superior customer experience."
Competition & Branding,What is the importance of brand loyalty?,Brand loyalty ensures repeat customers and long-term business success.
Competition & Branding,How do companies protect their brand identity?,"They use trademarks, copyrights, and consistent branding strategies."
Competition & Branding,What role does storytelling play in product marketing?,Storytelling helps create an emotional connection with customers.
Competition & Branding,How do companies handle competition from new startups?,By innovating continuously and improving customer engagement strategies.
Customer Experience,Why is user experience (UX) important in product design?,"Good UX improves customer satisfaction, retention, and sales."
Customer Experience,How do companies collect user feedback?,"Through surveys, analytics, social media, and customer support channels."
Customer Experience,What is the importance of beta testing?,Beta testing helps identify issues before a full product launch.
Customer Experience,How do companies handle negative product reviews?,"By addressing concerns, offering solutions, and improving product quality."
Customer Experience,How do companies personalize customer experiences?,"Using AI-driven recommendations, personalized marketing, and user behavior analysis."
Product Innovation,How do product-based companies ensure innovation? (Detailed explanation),"They invest in research and development, customer feedback, and market analysis. Contact our product team for further insights."
Product Innovation,How do product-based companies ensure innovation? (Detailed explanation),"They invest in research and development, customer feedback, and market analysis. Contact our product team for further insights."
Product Innovation,How do product-based companies ensure innovation? (Detailed explanation),"They invest in research and development, customer feedback, and market analysis. Contact our product team for further insights."
Product Innovation,How do product-based companies ensure innovation? (Detailed explanation),"They invest in research and development, customer feedback, and market analysis. Contact our product team for further insights."
Product Innovation,How do product-based companies ensure innovation? (Detailed explanation),"They invest in research and development, customer feedback, and market analysis. Contact our product team for further insights."
Product Innovation,How do product-based companies ensure innovation? (Detailed explanation),"They invest in research and development, customer feedback, and market analysis. Contact our product team for further insights."
Product Innovation,How do product-based companies ensure innovation? (Detailed explanation),"They invest in research and development, customer feedback, and market analysis. Contact our product team for further insights."
Product Innovation,How do product-based companies ensure innovation? (Detailed explanation),"They invest in research and development, customer feedback, and market analysis. Contact our product team for further insights."
Product Innovation,How do product-based companies ensure innovation? (Detailed explanation),"They invest in research and development, customer feedback, and market analysis. Contact our product team for further insights."
Product Innovation,How do product-based companies ensure innovation? (Detailed explanation),"They invest in research and development, customer feedback, and market analysis. Contact our product team for further insights."
Product Innovation,How do product-based companies ensure innovation? (Detailed explanation),"They invest in research and development, customer feedback, and market analysis. Contact our product team for further insights."
Product Innovation,How do product-based companies ensure innovation? (Detailed explanation),"They invest in research and development, customer feedback, and market analysis. Contact our product team for further insights."
Product Innovation,How do product-based companies ensure innovation? (Detailed explanation),"They invest in research and development, customer feedback, and market analysis. Contact our product team for further insights."
Product Innovation,How do product-based companies ensure innovation? (Detailed explanation),"They invest in research and development, customer feedback, and market analysis. Contact our product team for further insights."
Product Innovation,How do product-based companies ensure innovation? (Detailed explanation),"They invest in research and development, customer feedback, and market analysis. Contact our product team for further insights."
Product Innovation,How do product-based companies ensure innovation? (Detailed explanation),"They invest in research and development, customer feedback, and market analysis. Contact our product team for further insights."
Product Innovation,How do product-based companies ensure innovation? (Detailed explanation),"They invest in research and development, customer feedback, and market analysis. Contact our product team for further insights."
Product Innovation,How do product-based companies ensure innovation? (Detailed explanation),"They invest in research and development, customer feedback, and market analysis. Contact our product team for further insights."
Product Innovation,How do product-based companies ensure innovation? (Detailed explanation),"They invest in research and development, customer feedback, and market analysis. Contact our product team for further insights."
Product Innovation,How do product-based companies ensure innovation? (Detailed explanation),"They invest in research and development, customer feedback, and market analysis. Contact our product team for further insights."
Product Innovation,How do product-based companies ensure innovation? (Detailed explanation),"They invest in research and development, customer feedback, and market analysis. Contact our product team for further insights."
Product Innovation,How do product-based companies ensure innovation? (Detailed explanation),"They invest in research and development, customer feedback, and market analysis. Contact our product team for further insights."
Product Innovation,How do product-based companies ensure innovation? (Detailed explanation),"They invest in research and development, customer feedback, and market analysis. Contact our product team for further insights."
Product Innovation,How do product-based companies ensure innovation? (Detailed explanation),"They invest in research and development, customer feedback, and market analysis. Contact our product team for further insights."
Product Innovation,How do product-based companies ensure innovation? (Detailed explanation),"They invest in research and development, customer feedback, and market analysis. Contact our product team for further insights."
Product Innovation,How do product-based companies ensure innovation? (Detailed explanation),"They invest in research and development, customer feedback, and market analysis. Contact our product team for further insights."
Product Innovation,How do product-based companies ensure innovation? (Detailed explanation),"They invest in research and development, customer feedback, and market analysis. Contact our product team for further insights."
Product Innovation,How do product-based companies ensure innovation? (Detailed explanation),"They invest in research and development, customer feedback, and market analysis. Contact our product team for further insights."
Product Innovation,How do product-based companies ensure innovation? (Detailed explanation),"They invest in research and development, customer feedback, and market analysis. Contact our product team for further insights."
Product Innovation,How do product-based companies ensure innovation? (Detailed explanation),"They invest in research and development, customer feedback, and market analysis. Contact our product team for further insights."
Product Innovation,How do product-based companies ensure innovation? (Detailed explanation),"They invest in research and development, customer feedback, and market analysis. Contact our product team for further insights."
Product Innovation,How do product-based companies ensure innovation? (Detailed explanation),"They invest in research and development, customer feedback, and market analysis. Contact our product team for further insights."
Product Innovation,How do product-based companies ensure innovation? (Detailed explanation),"They invest in research and development, customer feedback, and market analysis. Contact our product team for further insights."
Product Innovation,How do product-based companies ensure innovation? (Detailed explanation),"They invest in research and development, customer feedback, and market analysis. Contact our product team for further insights."
Product Innovation,How do product-based companies ensure innovation? (Detailed explanation),"They invest in research and development, customer feedback, and market analysis. Contact our product team for further insights."
Product Innovation,How do product-based companies ensure innovation? (Detailed explanation),"They invest in research and development, customer feedback, and market analysis. Contact our product team for further insights."
Product Innovation,How do product-based companies ensure innovation? (Detailed explanation),"They invest in research and development, customer feedback, and market analysis. Contact our product team for further insights."
Product Innovation,How do product-based companies ensure innovation? (Detailed explanation),"They invest in research and development, customer feedback, and market analysis. Contact our product team for further insights."
Product Innovation,How do product-based companies ensure innovation? (Detailed explanation),"They invest in research and development, customer feedback, and market analysis. Contact our product team for further insights."
Product Innovation,How do product-based companies ensure innovation? (Detailed explanation),"They invest in research and development, customer feedback, and market analysis. Contact our product team for further insights."
Product Innovation,How do product-based companies ensure innovation? (Detailed explanation),"They invest in research and development, customer feedback, and market analysis. Contact our product team for further insights."
Product Innovation,How do product-based companies ensure innovation? (Detailed explanation),"They invest in research and development, customer feedback, and market analysis. Contact our product team for further insights."
Product Innovation,How do product-based companies ensure innovation? (Detailed explanation),"They invest in research and development, customer feedback, and market analysis. Contact our product team for further insights."
Product Innovation,How do product-based companies ensure innovation? (Detailed explanation),"They invest in research and development, customer feedback, and market analysis. Contact our product team for further insights."
Product Innovation,How do product-based companies ensure innovation? (Detailed explanation),"They invest in research and development, customer feedback, and market analysis. Contact our product team for further insights."
Product Innovation,How do product-based companies ensure innovation? (Detailed explanation),"They invest in research and development, customer feedback, and market analysis. Contact our product team for further insights."
Product Innovation,How do product-based companies ensure innovation? (Detailed explanation),"They invest in research and development, customer feedback, and market analysis. Contact our product team for further insights."
Product Innovation,How do product-based companies ensure innovation? (Detailed explanation),"They invest in research and development, customer feedback, and market analysis. Contact our product team for further insights."
Product Innovation,How do product-based companies ensure innovation? (Detailed explanation),"They invest in research and development, customer feedback, and market analysis. Contact our product team for further insights."
Product Innovation,How do product-based companies ensure innovation? (Detailed explanation),"They invest in research and development, customer feedback, and market analysis. Contact our product team for further insights."
Product Innovation,How do product-based companies ensure innovation? (Detailed explanation),"They invest in research and development, customer feedback, and market analysis. Contact our product team for further insights."
Product Innovation,How do product-based companies ensure innovation? (Detailed explanation),"They invest in research and development, customer feedback, and market analysis. Contact our product team for further insights."
Product Innovation,How do product-based companies ensure innovation? (Detailed explanation),"They invest in research and development, customer feedback, and market analysis. Contact our product team for further insights."
Product Innovation,How do product-based companies ensure innovation? (Detailed explanation),"They invest in research and development, customer feedback, and market analysis. Contact our product team for further insights."
Product Innovation,How do product-based companies ensure innovation? (Detailed explanation),"They invest in research and development, customer feedback, and market analysis. Contact our product team for further insights."
Product Innovation,How do product-based companies ensure innovation? (Detailed explanation),"They invest in research and development, customer feedback, and market analysis. Contact our product team for further insights."
Product Innovation,How do product-based companies ensure innovation? (Detailed explanation),"They invest in research and development, customer feedback, and market analysis. Contact our product team for further insights."
Product Innovation,How do product-based companies ensure innovation? (Detailed explanation),"They invest in research and development, customer feedback, and market analysis. Contact our product team for further insights."
Product Innovation,How do product-based companies ensure innovation? (Detailed explanation),"They invest in research and development, customer feedback, and market analysis. Contact our product team for further insights."
Product Innovation,How do product-based companies ensure innovation? (Detailed explanation),"They invest in research and development, customer feedback, and market analysis. Contact our product team for further insights."
Product Innovation,How do product-based companies ensure innovation? (Detailed explanation),"They invest in research and development, customer feedback, and market analysis. Contact our product team for further insights."
Product Innovation,How do product-based companies ensure innovation? (Detailed explanation),"They invest in research and development, customer feedback, and market analysis. Contact our product team for further insights."
Product Innovation,How do product-based companies ensure innovation? (Detailed explanation),"They invest in research and development, customer feedback, and market analysis. Contact our product team for further insights."
Product Innovation,How do product-based companies ensure innovation? (Detailed explanation),"They invest in research and development, customer feedback, and market analysis. Contact our product team for further insights."
Product Innovation,How do product-based companies ensure innovation? (Detailed explanation),"They invest in research and development, customer feedback, and market analysis. Contact our product team for further insights."
Product Innovation,How do product-based companies ensure innovation? (Detailed explanation),"They invest in research and development, customer feedback, and market analysis. Contact our product team for further insights."
Product Innovation,How do product-based companies ensure innovation? (Detailed explanation),"They invest in research and development, customer feedback, and market analysis. Contact our product team for further insights."
Product Innovation,How do product-based companies ensure innovation? (Detailed explanation),"They invest in research and development, customer feedback, and market analysis. Contact our product team for further insights."
Product Innovation,How do product-based companies ensure innovation? (Detailed explanation),"They invest in research and development, customer feedback, and market analysis. Contact our product team for further insights."
Product Innovation,How do product-based companies ensure innovation? (Detailed explanation),"They invest in research and development, customer feedback, and market analysis. Contact our product team for further insights."
Product Innovation,How do product-based companies ensure innovation? (Detailed explanation),"They invest in research and development, customer feedback, and market analysis. Contact our product team for further insights."
Product Innovation,How do product-based companies ensure innovation? (Detailed explanation),"They invest in research and development, customer feedback, and market analysis. Contact our product team for further insights."
Product Innovation,How do product-based companies ensure innovation? (Detailed explanation),"They invest in research and development, customer feedback, and market analysis. Contact our product team for further insights."
Product Innovation,How do product-based companies ensure innovation? (Detailed explanation),"They invest in research and development, customer feedback, and market analysis. Contact our product team for further insights."
Product Innovation,How do product-based companies ensure innovation? (Detailed explanation),"They invest in research and development, customer feedback, and market analysis. Contact our product team for further insights."
Product Feedback,How satisfied are you with the product quality?,We value your feedback to improve our products.
Product Feedback,What features would you like to see in future updates?,Your suggestions help us innovate better products.
Product Feedback,Did the product meet your expectations?,We strive to provide the best experience possible.
Product Feedback,How would you rate the usability of the product?,"Ease of use is our priority, and your feedback helps."
Product Feedback,What improvements would you suggest for this product?,We welcome constructive feedback to enhance our offerings.
Customer Support Feedback,How satisfied are you with our customer support?,Your feedback helps us improve our service quality.
Customer Support Feedback,Was your issue resolved in a timely manner?,We aim to provide fast and efficient support.
Customer Support Feedback,How likely are you to recommend our support team?,Your recommendations help us grow and improve.
Customer Support Feedback,What can we do to enhance our customer service?,We are always looking to improve based on customer needs.
Customer Support Feedback,Did you find our support resources helpful?,Let us know if we can add more useful resources.
User Experience,How easy was it to navigate our website/app?,We aim to make our platform as user-friendly as possible.
User Experience,Did you face any difficulties using our product?,Your feedback helps us enhance user experience.
User Experience,What do you like most about our product?,Knowing what you enjoy helps us improve further.
User Experience,Would you purchase from us again?,We strive to create long-term relationships with our customers.
User Experience,How visually appealing do you find our platform?,A good design enhances the overall user experience.
Pricing & Value,Do you think the product is priced fairly?,We aim to provide the best value for our customers.
Pricing & Value,Would you consider our product a good investment?,Customer satisfaction is our top priority.
Pricing & Value,How do you feel about the pricing compared to competitors?,We strive to offer competitive pricing.
Pricing & Value,Would you be willing to pay more for additional features?,Your input helps us shape future pricing strategies.
Pricing & Value,Do you think we offer good discounts and promotions?,We always aim to provide the best deals for our customers.
Loyalty & Recommendation,Would you recommend our product to others?,Your recommendations mean a lot to us.
Loyalty & Recommendation,How likely are you to return for another purchase?,We aim to keep our customers happy and coming back.
Loyalty & Recommendation,What would encourage you to refer a friend?,Referral programs help us grow together with our customers.
Loyalty & Recommendation,How can we improve our loyalty rewards?,We value our loyal customers and their input.
Loyalty & Recommendation,What keeps you engaged with our brand?,Understanding this helps us create better experiences.
Product Feedback,How satisfied are you with the product quality? (Your detailed feedback is appreciated),We value your feedback to improve our products. Please share your thoughts for continuous improvement.
Product Feedback,How satisfied are you with the product quality? (Your detailed feedback is appreciated),We value your feedback to improve our products. Please share your thoughts for continuous improvement.
Product Feedback,How satisfied are you with the product quality? (Your detailed feedback is appreciated),We value your feedback to improve our products. Please share your thoughts for continuous improvement.
Product Feedback,How satisfied are you with the product quality? (Your detailed feedback is appreciated),We value your feedback to improve our products. Please share your thoughts for continuous improvement.
Product Feedback,How satisfied are you with the product quality? (Your detailed feedback is appreciated),We value your feedback to improve our products. Please share your thoughts for continuous improvement.
Product Feedback,How satisfied are you with the product quality? (Your detailed feedback is appreciated),We value your feedback to improve our products. Please share your thoughts for continuous improvement.
Product Feedback,How satisfied are you with the product quality? (Your detailed feedback is appreciated),We value your feedback to improve our products. Please share your thoughts for continuous improvement.
Product Feedback,How satisfied are you with the product quality? (Your detailed feedback is appreciated),We value your feedback to improve our products. Please share your thoughts for continuous improvement.
Product Feedback,How satisfied are you with the product quality? (Your detailed feedback is appreciated),We value your feedback to improve our products. Please share your thoughts for continuous improvement.
Product Feedback,How satisfied are you with the product quality? (Your detailed feedback is appreciated),We value your feedback to improve our products. Please share your thoughts for continuous improvement.
Product Feedback,How satisfied are you with the product quality? (Your detailed feedback is appreciated),We value your feedback to improve our products. Please share your thoughts for continuous improvement.
Product Feedback,How satisfied are you with the product quality? (Your detailed feedback is appreciated),We value your feedback to improve our products. Please share your thoughts for continuous improvement.
Product Feedback,How satisfied are you with the product quality? (Your detailed feedback is appreciated),We value your feedback to improve our products. Please share your thoughts for continuous improvement.
Product Feedback,How satisfied are you with the product quality? (Your detailed feedback is appreciated),We value your feedback to improve our products. Please share your thoughts for continuous improvement.
Product Feedback,How satisfied are you with the product quality? (Your detailed feedback is appreciated),We value your feedback to improve our products. Please share your thoughts for continuous improvement.
Product Feedback,How satisfied are you with the product quality? (Your detailed feedback is appreciated),We value your feedback to improve our products. Please share your thoughts for continuous improvement.
Product Feedback,How satisfied are you with the product quality? (Your detailed feedback is appreciated),We value your feedback to improve our products. Please share your thoughts for continuous improvement.
Product Feedback,How satisfied are you with the product quality? (Your detailed feedback is appreciated),We value your feedback to improve our products. Please share your thoughts for continuous improvement.
Product Feedback,How satisfied are you with the product quality? (Your detailed feedback is appreciated),We value your feedback to improve our products. Please share your thoughts for continuous improvement.
Product Feedback,How satisfied are you with the product quality? (Your detailed feedback is appreciated),We value your feedback to improve our products. Please share your thoughts for continuous improvement.
Product Feedback,How satisfied are you with the product quality? (Your detailed feedback is appreciated),We value your feedback to improve our products. Please share your thoughts for continuous improvement.
Product Feedback,How satisfied are you with the product quality? (Your detailed feedback is appreciated),We value your feedback to improve our products. Please share your thoughts for continuous improvement.
Product Feedback,How satisfied are you with the product quality? (Your detailed feedback is appreciated),We value your feedback to improve our products. Please share your thoughts for continuous improvement.
Product Feedback,How satisfied are you with the product quality? (Your detailed feedback is appreciated),We value your feedback to improve our products. Please share your thoughts for continuous improvement.
Product Feedback,How satisfied are you with the product quality? (Your detailed feedback is appreciated),We value your feedback to improve our products. Please share your thoughts for continuous improvement.
General,What is an e-commerce platform?,An e-commerce platform is an online system that allows businesses to sell products or services over the internet.
General,What are the benefits of using an e-commerce service?,"E-commerce services provide convenience, global reach, and 24/7 availability for customers."
General,How do I start an online store?,"You can start an online store by choosing an e-commerce platform, setting up products, and marketing your store."
General,What payment methods do e-commerce platforms accept?,"Most platforms accept credit/debit cards, PayPal, digital wallets, and bank transfers."
General,How secure are e-commerce transactions?,"E-commerce platforms use SSL encryption, fraud detection, and secure payment gateways to ensure transaction security."
Orders & Shipping,How can I track my order?,You can track your order by using the tracking number provided in your order confirmation email.
Orders & Shipping,How long does shipping take?,"Shipping times vary based on location and delivery method, typically ranging from 2 to 7 days."
Orders & Shipping,Can I change my shipping address after placing an order?,"In most cases, address changes can be made before the order is shipped. Contact customer support for assistance."
Orders & Shipping,Do you offer international shipping?,"Yes, we offer international shipping to multiple countries. Shipping charges may apply based on destination."
Orders & Shipping,What are the shipping costs?,"Shipping costs depend on the order value, location, and selected shipping method."
Returns & Refunds,What is your return policy?,"Our return policy allows returns within 30 days of purchase, provided the item is in original condition."
Returns & Refunds,How do I request a refund?,You can request a refund by submitting a return request through your account or contacting customer support.
Returns & Refunds,How long does it take to process a refund?,Refunds typically take 5-7 business days after the returned item is received and inspected.
Returns & Refunds,Can I return an item if it is damaged?,"Yes, if your item arrives damaged, contact our support team for a replacement or refund."
Returns & Refunds,Are there items that cannot be returned?,"Some items, such as perishable goods and personalized products, are not eligible for return."
Payments & Security,Is my payment information secure?,"Yes, we use encrypted payment gateways to ensure your transactions are secure."
Payments & Security,Do you accept installment payments?,"Yes, we offer installment payments through selected payment partners."
Payments & Security,What should I do if my payment fails?,"Ensure your payment details are correct, or try using a different payment method."
Payments & Security,Can I save my payment details for future purchases?,"Yes, you can securely save your payment details for a faster checkout experience."
Payments & Security,How can I prevent fraud while shopping online?,"Always shop on secure websites, avoid sharing sensitive information, and enable two-factor authentication."
Customer Support,How do I contact customer service?,"You can contact us via live chat, email, or phone support for assistance."
Customer Support,What are your customer service hours?,Our customer support is available 24/7 to assist with any inquiries.
Customer Support,Can I cancel my order after placing it?,Order cancellations are possible before the order is shipped. Contact support for help.
Customer Support,How do I report an issue with my order?,You can report issues through your account dashboard or by reaching out to our support team.
Customer Support,Do you offer live chat support?,"Yes, we offer live chat support to assist you in real-time."
General,What is an e-commerce platform? (More details),An e-commerce platform is an online system that allows businesses to sell products or services over the internet. Please check our help center for further information.
General,What is an e-commerce platform? (More details),An e-commerce platform is an online system that allows businesses to sell products or services over the internet. Please check our help center for further information.
General,What is an e-commerce platform? (More details),An e-commerce platform is an online system that allows businesses to sell products or services over the internet. Please check our help center for further information.
General,What is an e-commerce platform? (More details),An e-commerce platform is an online system that allows businesses to sell products or services over the internet. Please check our help center for further information.
General,What is an e-commerce platform? (More details),An e-commerce platform is an online system that allows businesses to sell products or services over the internet. Please check our help center for further information.
General,What is an e-commerce platform? (More details),An e-commerce platform is an online system that allows businesses to sell products or services over the internet. Please check our help center for further information.
General,What is an e-commerce platform? (More details),An e-commerce platform is an online system that allows businesses to sell products or services over the internet. Please check our help center for further information.
General,What is an e-commerce platform? (More details),An e-commerce platform is an online system that allows businesses to sell products or services over the internet. Please check our help center for further information.
General,What is an e-commerce platform? (More details),An e-commerce platform is an online system that allows businesses to sell products or services over the internet. Please check our help center for further information.
General,What is an e-commerce platform? (More details),An e-commerce platform is an online system that allows businesses to sell products or services over the internet. Please check our help center for further information.
General,What is an e-commerce platform? (More details),An e-commerce platform is an online system that allows businesses to sell products or services over the internet. Please check our help center for further information.
General,What is an e-commerce platform? (More details),An e-commerce platform is an online system that allows businesses to sell products or services over the internet. Please check our help center for further information.
General,What is an e-commerce platform? (More details),An e-commerce platform is an online system that allows businesses to sell products or services over the internet. Please check our help center for further information.
General,What is an e-commerce platform? (More details),An e-commerce platform is an online system that allows businesses to sell products or services over the internet. Please check our help center for further information.
General,What is an e-commerce platform? (More details),An e-commerce platform is an online system that allows businesses to sell products or services over the internet. Please check our help center for further information.
General,What is an e-commerce platform? (More details),An e-commerce platform is an online system that allows businesses to sell products or services over the internet. Please check our help center for further information.
General,What is an e-commerce platform? (More details),An e-commerce platform is an online system that allows businesses to sell products or services over the internet. Please check our help center for further information.
General,What is an e-commerce platform? (More details),An e-commerce platform is an online system that allows businesses to sell products or services over the internet. Please check our help center for further information.
General,What is an e-commerce platform? (More details),An e-commerce platform is an online system that allows businesses to sell products or services over the internet. Please check our help center for further information.
General,What is an e-commerce platform? (More details),An e-commerce platform is an online system that allows businesses to sell products or services over the internet. Please check our help center for further information.
General,What is an e-commerce platform? (More details),An e-commerce platform is an online system that allows businesses to sell products or services over the internet. Please check our help center for further information.
General,What is an e-commerce platform? (More details),An e-commerce platform is an online system that allows businesses to sell products or services over the internet. Please check our help center for further information.
General,What is an e-commerce platform? (More details),An e-commerce platform is an online system that allows businesses to sell products or services over the internet. Please check our help center for further information.
General,What is an e-commerce platform? (More details),An e-commerce platform is an online system that allows businesses to sell products or services over the internet. Please check our help center for further information.
General,What is an e-commerce platform? (More details),An e-commerce platform is an online system that allows businesses to sell products or services over the internet. Please check our help center for further information.
General,What is an e-commerce platform? (More details),An e-commerce platform is an online system that allows businesses to sell products or services over the internet. Please check our help center for further information.
General,What is an e-commerce platform? (More details),An e-commerce platform is an online system that allows businesses to sell products or services over the internet. Please check our help center for further information.
General,What is an e-commerce platform? (More details),An e-commerce platform is an online system that allows businesses to sell products or services over the internet. Please check our help center for further information.
General,What is an e-commerce platform? (More details),An e-commerce platform is an online system that allows businesses to sell products or services over the internet. Please check our help center for further information.
General,What is an e-commerce platform? (More details),An e-commerce platform is an online system that allows businesses to sell products or services over the internet. Please check our help center for further information.
General,What is an e-commerce platform? (More details),An e-commerce platform is an online system that allows businesses to sell products or services over the internet. Please check our help center for further information.
General,What is an e-commerce platform? (More details),An e-commerce platform is an online system that allows businesses to sell products or services over the internet. Please check our help center for further information.
General,What is an e-commerce platform? (More details),An e-commerce platform is an online system that allows businesses to sell products or services over the internet. Please check our help center for further information.
General,What is an e-commerce platform? (More details),An e-commerce platform is an online system that allows businesses to sell products or services over the internet. Please check our help center for further information.
General,What is an e-commerce platform? (More details),An e-commerce platform is an online system that allows businesses to sell products or services over the internet. Please check our help center for further information.
General,What is an e-commerce platform? (More details),An e-commerce platform is an online system that allows businesses to sell products or services over the internet. Please check our help center for further information.
General,What is an e-commerce platform? (More details),An e-commerce platform is an online system that allows businesses to sell products or services over the internet. Please check our help center for further information.
General,What is an e-commerce platform? (More details),An e-commerce platform is an online system that allows businesses to sell products or services over the internet. Please check our help center for further information.
General,What is an e-commerce platform? (More details),An e-commerce platform is an online system that allows businesses to sell products or services over the internet. Please check our help center for further information.
General,What is an e-commerce platform? (More details),An e-commerce platform is an online system that allows businesses to sell products or services over the internet. Please check our help center for further information.
General,What is an e-commerce platform? (More details),An e-commerce platform is an online system that allows businesses to sell products or services over the internet. Please check our help center for further information.
General,What is an e-commerce platform? (More details),An e-commerce platform is an online system that allows businesses to sell products or services over the internet. Please check our help center for further information.
General,What is an e-commerce platform? (More details),An e-commerce platform is an online system that allows businesses to sell products or services over the internet. Please check our help center for further information.
General,What is an e-commerce platform? (More details),An e-commerce platform is an online system that allows businesses to sell products or services over the internet. Please check our help center for further information.
General,What is an e-commerce platform? (More details),An e-commerce platform is an online system that allows businesses to sell products or services over the internet. Please check our help center for further information.
General,What is an e-commerce platform? (More details),An e-commerce platform is an online system that allows businesses to sell products or services over the internet. Please check our help center for further information.
General,What is an e-commerce platform? (More details),An e-commerce platform is an online system that allows businesses to sell products or services over the internet. Please check our help center for further information.
General,What is an e-commerce platform? (More details),An e-commerce platform is an online system that allows businesses to sell products or services over the internet. Please check our help center for further information.
General,What is an e-commerce platform? (More details),An e-commerce platform is an online system that allows businesses to sell products or services over the internet. Please check our help center for further information.
General,What is an e-commerce platform? (More details),An e-commerce platform is an online system that allows businesses to sell products or services over the internet. Please check our help center for further information.
General,What is an e-commerce platform? (More details),An e-commerce platform is an online system that allows businesses to sell products or services over the internet. Please check our help center for further information.
General,What is an e-commerce platform? (More details),An e-commerce platform is an online system that allows businesses to sell products or services over the internet. Please check our help center for further information.
General,What is an e-commerce platform? (More details),An e-commerce platform is an online system that allows businesses to sell products or services over the internet. Please check our help center for further information.
General,What is an e-commerce platform? (More details),An e-commerce platform is an online system that allows businesses to sell products or services over the internet. Please check our help center for further information.
General,What is an e-commerce platform? (More details),An e-commerce platform is an online system that allows businesses to sell products or services over the internet. Please check our help center for further information.
General,What is an e-commerce platform? (More details),An e-commerce platform is an online system that allows businesses to sell products or services over the internet. Please check our help center for further information.
General,What is an e-commerce platform? (More details),An e-commerce platform is an online system that allows businesses to sell products or services over the internet. Please check our help center for further information.
General,What is an e-commerce platform? (More details),An e-commerce platform is an online system that allows businesses to sell products or services over the internet. Please check our help center for further information.
General,What is an e-commerce platform? (More details),An e-commerce platform is an online system that allows businesses to sell products or services over the internet. Please check our help center for further information.
General,What is an e-commerce platform? (More details),An e-commerce platform is an online system that allows businesses to sell products or services over the internet. Please check our help center for further information.
General,What is an e-commerce platform? (More details),An e-commerce platform is an online system that allows businesses to sell products or services over the internet. Please check our help center for further information.
General,What is an e-commerce platform? (More details),An e-commerce platform is an online system that allows businesses to sell products or services over the internet. Please check our help center for further information.
General,What is an e-commerce platform? (More details),An e-commerce platform is an online system that allows businesses to sell products or services over the internet. Please check our help center for further information.
General,What is an e-commerce platform? (More details),An e-commerce platform is an online system that allows businesses to sell products or services over the internet. Please check our help center for further information.
General,What is an e-commerce platform? (More details),An e-commerce platform is an online system that allows businesses to sell products or services over the internet. Please check our help center for further information.
General,What is an e-commerce platform? (More details),An e-commerce platform is an online system that allows businesses to sell products or services over the internet. Please check our help center for further information.
General,What is an e-commerce platform? (More details),An e-commerce platform is an online system that allows businesses to sell products or services over the internet. Please check our help center for further information.
General,What is an e-commerce platform? (More details),An e-commerce platform is an online system that allows businesses to sell products or services over the internet. Please check our help center for further information.
General,What is an e-commerce platform? (More details),An e-commerce platform is an online system that allows businesses to sell products or services over the internet. Please check our help center for further information.
General,What is an e-commerce platform? (More details),An e-commerce platform is an online system that allows businesses to sell products or services over the internet. Please check our help center for further information.
General,What is an e-commerce platform? (More details),An e-commerce platform is an online system that allows businesses to sell products or services over the internet. Please check our help center for further information.
General,What is an e-commerce platform? (More details),An e-commerce platform is an online system that allows businesses to sell products or services over the internet. Please check our help center for further information.
General,What is an e-commerce platform? (More details),An e-commerce platform is an online system that allows businesses to sell products or services over the internet. Please check our help center for further information.
General,What is an e-commerce platform? (More details),An e-commerce platform is an online system that allows businesses to sell products or services over the internet. Please check our help center for further information.
General,What is an e-commerce platform? (More details),An e-commerce platform is an online system that allows businesses to sell products or services over the internet. Please check our help center for further information.
General,What is an e-commerce platform? (More details),An e-commerce platform is an online system that allows businesses to sell products or services over the internet. Please check our help center for further information.
General,What is an e-commerce platform? (More details),An e-commerce platform is an online system that allows businesses to sell products or services over the internet. Please check our help center for further information.
General,What is an e-commerce platform? (More details),An e-commerce platform is an online system that allows businesses to sell products or services over the internet. Please check our help center for further information.
General,What is an e-commerce platform? (More details),An e-commerce platform is an online system that allows businesses to sell products or services over the internet. Please check our help center for further information.
General,What is an e-commerce platform? (More details),An e-commerce platform is an online system that allows businesses to sell products or services over the internet. Please check our help center for further information.
General,What is an e-commerce platform? (More details),An e-commerce platform is an online system that allows businesses to sell products or services over the internet. Please check our help center for further information.
General,What is an e-commerce platform? (More details),An e-commerce platform is an online system that allows businesses to sell products or services over the internet. Please check our help center for further information.
General,What is an e-commerce platform? (More details),An e-commerce platform is an online system that allows businesses to sell products or services over the internet. Please check our help center for further information.
General,What is an e-commerce platform? (More details),An e-commerce platform is an online system that allows businesses to sell products or services over the internet. Please check our help center for further information.
General,What is an e-commerce platform? (More details),An e-commerce platform is an online system that allows businesses to sell products or services over the internet. Please check our help center for further information.
General,What is an e-commerce platform? (More details),An e-commerce platform is an online system that allows businesses to sell products or services over the internet. Please check our help center for further information.
General,What is an e-commerce platform? (More details),An e-commerce platform is an online system that allows businesses to sell products or services over the internet. Please check our help center for further information.
General,What is an e-commerce platform? (More details),An e-commerce platform is an online system that allows businesses to sell products or services over the internet. Please check our help center for further information.
General,What is an e-commerce platform? (More details),An e-commerce platform is an online system that allows businesses to sell products or services over the internet. Please check our help center for further information.
General,What is an e-commerce platform? (More details),An e-commerce platform is an online system that allows businesses to sell products or services over the internet. Please check our help center for further information.
General,What is an e-commerce platform? (More details),An e-commerce platform is an online system that allows businesses to sell products or services over the internet. Please check our help center for further information.
General,What is an e-commerce platform? (More details),An e-commerce platform is an online system that allows businesses to sell products or services over the internet. Please check our help center for further information.
General,What is an e-commerce platform? (More details),An e-commerce platform is an online system that allows businesses to sell products or services over the internet. Please check our help center for further information.
General,What is an e-commerce platform? (More details),An e-commerce platform is an online system that allows businesses to sell products or services over the internet. Please check our help center for further information.
General,What is an e-commerce platform? (More details),An e-commerce platform is an online system that allows businesses to sell products or services over the internet. Please check our help center for further information.
Product & Inventory,How do I check if an item is in stock?,You can check stock availability on the product page or contact our support team.
Product & Inventory,Can I pre-order items that are out of stock?,"Yes, pre-orders are available for selected products. You will be notified once they are back in stock."
Product & Inventory,How often do you update your inventory?,Our inventory is updated in real-time to ensure accurate stock availability.
Product & Inventory,Can I request a custom order?,"Yes, for certain products, custom orders can be placed through our website."
Product & Inventory,Do you offer bulk purchasing discounts?,"Yes, we provide discounts for bulk purchases. Contact sales for more details."
Account & Membership,Do I need an account to place an order?,"No, you can checkout as a guest, but having an account allows you to track orders and receive special offers."
Account & Membership,How do I create an account?,You can create an account by signing up with your email and setting a password.
Account & Membership,How do I reset my password?,Click on 'Forgot Password' at login and follow the instructions to reset your password.
Account & Membership,Can I delete my account?,"Yes, you can request account deletion by contacting our customer support team."
Account & Membership,Do you offer a loyalty program?,"Yes, we offer a rewards program for frequent shoppers. Earn points for discounts and exclusive deals."
Delivery & Pickup,Do you offer same-day delivery?,"Yes, same-day delivery is available for selected locations and products."
Delivery & Pickup,Can I schedule a delivery for a specific date?,"Yes, you can choose a preferred delivery date during checkout."
Delivery & Pickup,What happens if I miss my delivery?,Our courier partner will attempt delivery again or leave instructions for pickup.
Delivery & Pickup,Do you offer in-store pickup?,"Yes, you can select 'Store Pickup' during checkout if the option is available."
Delivery & Pickup,Can I change my delivery method after placing an order?,"Yes, you can modify your delivery preferences before the order is shipped."
Technical Support,Why am I unable to add items to my cart?,Ensure you are logged in and the item is in stock. Try clearing your browser cache.
Technical Support,How do I report a website bug?,You can report issues through our contact page or email our support team.
Technical Support,Is my personal data safe on your website?,"Yes, we follow strict security protocols to protect customer data."
Technical Support,Do you have a mobile app?,"Yes, our mobile app is available for iOS and Android devices."
Technical Support,How do I update my billing information?,You can update billing details from your account settings.
Product & Inventory,How do I check if an item is in stock? (Further details),You can check stock availability on the product page or contact our support team. Please reach out to customer support for additional assistance.
Product & Inventory,How do I check if an item is in stock? (Further details),You can check stock availability on the product page or contact our support team. Please reach out to customer support for additional assistance.
Product & Inventory,How do I check if an item is in stock? (Further details),You can check stock availability on the product page or contact our support team. Please reach out to customer support for additional assistance.
Product & Inventory,How do I check if an item is in stock? (Further details),You can check stock availability on the product page or contact our support team. Please reach out to customer support for additional assistance.
Product & Inventory,How do I check if an item is in stock? (Further details),You can check stock availability on the product page or contact our support team. Please reach out to customer support for additional assistance.
Product & Inventory,How do I check if an item is in stock? (Further details),You can check stock availability on the product page or contact our support team. Please reach out to customer support for additional assistance.
Product & Inventory,How do I check if an item is in stock? (Further details),You can check stock availability on the product page or contact our support team. Please reach out to customer support for additional assistance.
Product & Inventory,How do I check if an item is in stock? (Further details),You can check stock availability on the product page or contact our support team. Please reach out to customer support for additional assistance.
Product & Inventory,How do I check if an item is in stock? (Further details),You can check stock availability on the product page or contact our support team. Please reach out to customer support for additional assistance.
Product & Inventory,How do I check if an item is in stock? (Further details),You can check stock availability on the product page or contact our support team. Please reach out to customer support for additional assistance.
Product & Inventory,How do I check if an item is in stock? (Further details),You can check stock availability on the product page or contact our support team. Please reach out to customer support for additional assistance.
Product & Inventory,How do I check if an item is in stock? (Further details),You can check stock availability on the product page or contact our support team. Please reach out to customer support for additional assistance.
Product & Inventory,How do I check if an item is in stock? (Further details),You can check stock availability on the product page or contact our support team. Please reach out to customer support for additional assistance.
Product & Inventory,How do I check if an item is in stock? (Further details),You can check stock availability on the product page or contact our support team. Please reach out to customer support for additional assistance.
Product & Inventory,How do I check if an item is in stock? (Further details),You can check stock availability on the product page or contact our support team. Please reach out to customer support for additional assistance.
Product & Inventory,How do I check if an item is in stock? (Further details),You can check stock availability on the product page or contact our support team. Please reach out to customer support for additional assistance.
Product & Inventory,How do I check if an item is in stock? (Further details),You can check stock availability on the product page or contact our support team. Please reach out to customer support for additional assistance.
Product & Inventory,How do I check if an item is in stock? (Further details),You can check stock availability on the product page or contact our support team. Please reach out to customer support for additional assistance.
Product & Inventory,How do I check if an item is in stock? (Further details),You can check stock availability on the product page or contact our support team. Please reach out to customer support for additional assistance.
Product & Inventory,How do I check if an item is in stock? (Further details),You can check stock availability on the product page or contact our support team. Please reach out to customer support for additional assistance.
Product & Inventory,How do I check if an item is in stock? (Further details),You can check stock availability on the product page or contact our support team. Please reach out to customer support for additional assistance.
Product & Inventory,How do I check if an item is in stock? (Further details),You can check stock availability on the product page or contact our support team. Please reach out to customer support for additional assistance.
Product & Inventory,How do I check if an item is in stock? (Further details),You can check stock availability on the product page or contact our support team. Please reach out to customer support for additional assistance.
Product & Inventory,How do I check if an item is in stock? (Further details),You can check stock availability on the product page or contact our support team. Please reach out to customer support for additional assistance.
Product & Inventory,How do I check if an item is in stock? (Further details),You can check stock availability on the product page or contact our support team. Please reach out to customer support for additional assistance.
Product & Inventory,How do I check if an item is in stock? (Further details),You can check stock availability on the product page or contact our support team. Please reach out to customer support for additional assistance.
Product & Inventory,How do I check if an item is in stock? (Further details),You can check stock availability on the product page or contact our support team. Please reach out to customer support for additional assistance.
Product & Inventory,How do I check if an item is in stock? (Further details),You can check stock availability on the product page or contact our support team. Please reach out to customer support for additional assistance.
Product & Inventory,How do I check if an item is in stock? (Further details),You can check stock availability on the product page or contact our support team. Please reach out to customer support for additional assistance.
Product & Inventory,How do I check if an item is in stock? (Further details),You can check stock availability on the product page or contact our support team. Please reach out to customer support for additional assistance.
Product & Inventory,How do I check if an item is in stock? (Further details),You can check stock availability on the product page or contact our support team. Please reach out to customer support for additional assistance.
Product & Inventory,How do I check if an item is in stock? (Further details),You can check stock availability on the product page or contact our support team. Please reach out to customer support for additional assistance.
Product & Inventory,How do I check if an item is in stock? (Further details),You can check stock availability on the product page or contact our support team. Please reach out to customer support for additional assistance.
Product & Inventory,How do I check if an item is in stock? (Further details),You can check stock availability on the product page or contact our support team. Please reach out to customer support for additional assistance.
Product & Inventory,How do I check if an item is in stock? (Further details),You can check stock availability on the product page or contact our support team. Please reach out to customer support for additional assistance.
Product & Inventory,How do I check if an item is in stock? (Further details),You can check stock availability on the product page or contact our support team. Please reach out to customer support for additional assistance.
Product & Inventory,How do I check if an item is in stock? (Further details),You can check stock availability on the product page or contact our support team. Please reach out to customer support for additional assistance.
Product & Inventory,How do I check if an item is in stock? (Further details),You can check stock availability on the product page or contact our support team. Please reach out to customer support for additional assistance.
Product & Inventory,How do I check if an item is in stock? (Further details),You can check stock availability on the product page or contact our support team. Please reach out to customer support for additional assistance.
Product & Inventory,How do I check if an item is in stock? (Further details),You can check stock availability on the product page or contact our support team. Please reach out to customer support for additional assistance.
Product & Inventory,How do I check if an item is in stock? (Further details),You can check stock availability on the product page or contact our support team. Please reach out to customer support for additional assistance.
Product & Inventory,How do I check if an item is in stock? (Further details),You can check stock availability on the product page or contact our support team. Please reach out to customer support for additional assistance.
Product & Inventory,How do I check if an item is in stock? (Further details),You can check stock availability on the product page or contact our support team. Please reach out to customer support for additional assistance.
Product & Inventory,How do I check if an item is in stock? (Further details),You can check stock availability on the product page or contact our support team. Please reach out to customer support for additional assistance.
Product & Inventory,How do I check if an item is in stock? (Further details),You can check stock availability on the product page or contact our support team. Please reach out to customer support for additional assistance.
Product & Inventory,How do I check if an item is in stock? (Further details),You can check stock availability on the product page or contact our support team. Please reach out to customer support for additional assistance.
Product & Inventory,How do I check if an item is in stock? (Further details),You can check stock availability on the product page or contact our support team. Please reach out to customer support for additional assistance.
Product & Inventory,How do I check if an item is in stock? (Further details),You can check stock availability on the product page or contact our support team. Please reach out to customer support for additional assistance.
Product & Inventory,How do I check if an item is in stock? (Further details),You can check stock availability on the product page or contact our support team. Please reach out to customer support for additional assistance.
Product & Inventory,How do I check if an item is in stock? (Further details),You can check stock availability on the product page or contact our support team. Please reach out to customer support for additional assistance.
Product & Inventory,How do I check if an item is in stock? (Further details),You can check stock availability on the product page or contact our support team. Please reach out to customer support for additional assistance.
Product & Inventory,How do I check if an item is in stock? (Further details),You can check stock availability on the product page or contact our support team. Please reach out to customer support for additional assistance.
Product & Inventory,How do I check if an item is in stock? (Further details),You can check stock availability on the product page or contact our support team. Please reach out to customer support for additional assistance.
Product & Inventory,How do I check if an item is in stock? (Further details),You can check stock availability on the product page or contact our support team. Please reach out to customer support for additional assistance.
Product & Inventory,How do I check if an item is in stock? (Further details),You can check stock availability on the product page or contact our support team. Please reach out to customer support for additional assistance.
Luxury Retail,What are your store hours?,Our store hours vary by location. Please check our website for details.
Luxury Retail,Do you offer international shipping?,"Yes, we offer international shipping to selected countries."
Luxury Retail,What is your return policy?,You can return items within 30 days with the original receipt and packaging.
Luxury Retail,How can I track my order?,You can track your order using the tracking number provided in your confirmation email.
Luxury Retail,Do you offer gift wrapping?,"Yes, we provide complimentary gift wrapping for all purchases."
Luxury Retail,What payment methods do you accept?,Please visit our website or contact support for more details.
Luxury Retail,Are there any ongoing promotions or discounts?,Please visit our website or contact support for more details.
Luxury Retail,Can I customize a product?,Please visit our website or contact support for more details.
Luxury Retail,How do I check the authenticity of your products?,Please visit our website or contact support for more details.
Luxury Retail,Do you have a loyalty program?,Please visit our website or contact support for more details.
Luxury Retail,How can I redeem my loyalty points?,Please visit our website or contact support for more details.
Luxury Retail,Can I schedule a personal shopping appointment?,Please visit our website or contact support for more details.
Luxury Retail,What luxury brands do you carry?,Please visit our website or contact support for more details.
Luxury Retail,Do you have an online store?,Please visit our website or contact support for more details.
Luxury Retail,How do I know my size for clothing or shoes?,Please visit our website or contact support for more details.
Luxury Retail,What is your exchange policy?,Please visit our website or contact support for more details.
Luxury Retail,Do you offer financing options for purchases?,Please visit our website or contact support for more details.
Luxury Retail,Are your products ethically sourced?,Please visit our website or contact support for more details.
Luxury Retail,Can I reserve an item before purchasing?,Please visit our website or contact support for more details.
Luxury Retail,Do you offer corporate gifting solutions?,Please visit our website or contact support for more details.
Luxury Retail,What materials are used in your products?,Please visit our website or contact support for more details.
Luxury Retail,How do I care for my luxury handbags?,Please visit our website or contact support for more details.
Luxury Retail,Can I return an online order in-store?,Please visit our website or contact support for more details.
Luxury Retail,Do you offer concierge services?,Please visit our website or contact support for more details.
Luxury Retail,Are there VIP shopping experiences available?,Please visit our website or contact support for more details.
Luxury Retail,How can I sign up for exclusive events?,Please visit our website or contact support for more details.
Luxury Retail,Do you offer gift cards?,Please visit our website or contact support for more details.
Luxury Retail,Can I combine multiple discounts or promotions?,Please visit our website or contact support for more details.
Luxury Retail,How do I cancel my order?,Please visit our website or contact support for more details.
Luxury Retail,Do you have a repair service for damaged items?,Please visit our website or contact support for more details.
Jewellery,Are your diamonds certified?,"Yes, all our diamonds are certified by reputable gemological institutes."
Jewellery,What types of metals do you use?,"We use gold, platinum, silver, and other high-quality metals."
Jewellery,Do you offer custom jewelry designs?,"Yes, we provide custom jewelry design services. Contact us for details."
Jewellery,Can I resize a ring after purchase?,"Yes, we offer ring resizing services within a specific time frame."
Jewellery,What is your return policy on jewelry?,Jewelry can be returned within 14 days if unworn and in original condition.
Jewellery,How do I clean and maintain my jewelry?,Please visit our website or contact support for more details.
Jewellery,Do you provide insurance for jewelry?,Please visit our website or contact support for more details.
Jewellery,Are your gemstones ethically sourced?,Please visit our website or contact support for more details.
Jewellery,What’s the difference between natural and lab-grown diamonds?,Please visit our website or contact support for more details.
Jewellery,Can I trade in my old jewelry for a new piece?,Please visit our website or contact support for more details.
Jewellery,How do I determine my ring size?,Please visit our website or contact support for more details.
Jewellery,Do you offer engraving services?,Please visit our website or contact support for more details.
Jewellery,What’s the best way to store fine jewelry?,Please visit our website or contact support for more details.
Jewellery,Can I get my jewelry appraised?,Please visit our website or contact support for more details.
Jewellery,Do you sell conflict-free diamonds?,Please visit our website or contact support for more details.
Jewellery,What are your most popular engagement rings?,Please visit our website or contact support for more details.
Jewellery,Do you offer lifetime warranty on jewelry?,Please visit our website or contact support for more details.
Jewellery,Can I design my own engagement ring?,Please visit our website or contact support for more details.
Jewellery,How long does it take for a custom jewelry order?,Please visit our website or contact support for more details.
Jewellery,What are the 4Cs of diamond grading?,Please visit our website or contact support for more details.
Wellness,What wellness services do you offer?,"We offer spa treatments, skincare consultations, and wellness coaching."
Wellness,Do you provide organic wellness products?,"Yes, we have a range of organic and cruelty-free wellness products."
Wellness,Are your spa treatments safe for pregnant women?,"Yes, we offer pregnancy-safe treatments. Please consult our specialists."
Wellness,What skincare brands do you carry?,We carry premium skincare brands known for their quality and effectiveness.
Wellness,Do you have vegan beauty products?,"Yes, we have a variety of vegan and cruelty-free beauty products."
Wellness,Can I book an appointment online?,Please visit our website or contact support for more details.
Wellness,What’s the best skincare routine for sensitive skin?,Please visit our website or contact support for more details.
Wellness,How do I choose the right essential oils?,Please visit our website or contact support for more details.
Wellness,Do you offer home delivery for wellness products?,Please visit our website or contact support for more details.
Wellness,What’s the shelf life of your organic products?,Please visit our website or contact support for more details.
Wellness,Can I request a personalized wellness consultation?,Please visit our website or contact support for more details.
Wellness,Do you offer gift cards for spa treatments?,Please visit our website or contact support for more details.
Wellness,What are the benefits of aromatherapy?,Please visit our website or contact support for more details.
Wellness,Are your wellness products cruelty-free?,Please visit our website or contact support for more details.
Wellness,Do you offer diet and nutrition consultations?,Please visit our website or contact support for more details.
Wellness,Can I get a subscription for wellness products?,Please visit our website or contact support for more details.
Wellness,Do you have organic herbal teas?,Please visit our website or contact support for more details.
Wellness,How can I relieve stress naturally?,Please visit our website or contact support for more details.
Wellness,What essential oils help with sleep?,Please visit our website or contact support for more details.
Wellness,Do you offer yoga and meditation classes?,Please visit our website or contact support for more details.
Platform,What is Zithara.ai?,Zithara.ai is an AI-driven platform designed to enhance customer engagement and business automation.
Platform,How does Zithara.ai work?,Zithara.ai uses artificial intelligence and machine learning to provide personalized solutions for businesses.
Platform,What industries does Zithara.ai serve?,"Zithara.ai serves various industries, including retail, finance, healthcare, and e-commerce."
Platform,Is Zithara.ai cloud-based?,"Yes, Zithara.ai is a cloud-based platform that offers scalability and security."
Platform,Can I integrate Zithara.ai with other software?,"Yes, Zithara.ai supports integration with multiple third-party applications via APIs."
Platform,Does Zithara.ai offer automation features?,"Yes, the platform provides automation tools for marketing, sales, and customer support."
Platform,What AI technologies does Zithara.ai use?,"Zithara.ai leverages NLP, machine learning, and predictive analytics to optimize user engagement."
Platform,Can Zithara.ai handle high user traffic?,"Yes, Zithara.ai is built to handle large-scale operations with ease."
Platform,How does Zithara.ai improve customer service?,"Zithara.ai automates responses, offers AI-driven chatbots, and provides real-time customer insights."
Platform,Does Zithara.ai support multilingual interactions?,"Yes, Zithara.ai supports multiple languages for better customer experience."
Branding,How does Zithara.ai help with branding?,Zithara.ai provides AI-powered insights and automation to enhance brand presence and customer engagement.
Branding,Can Zithara.ai personalize customer interactions?,"Yes, Zithara.ai leverages AI to tailor customer experiences based on user behavior and preferences."
Branding,Does Zithara.ai offer marketing automation?,"Yes, Zithara.ai includes marketing automation tools to streamline campaigns and improve efficiency."
Branding,Can Zithara.ai track brand performance?,"Yes, Zithara.ai provides analytics and reporting tools to measure brand performance and customer engagement."
Branding,How does Zithara.ai improve customer retention?,"Zithara.ai uses AI-driven insights to predict customer needs and offer personalized experiences, improving retention."
Branding,Can Zithara.ai help in social media management?,"Yes, Zithara.ai provides AI tools to manage and optimize social media campaigns."
Branding,Does Zithara.ai offer competitor analysis?,"Yes, the platform provides insights on competitors to help refine branding strategies."
Branding,Can Zithara.ai generate automated content?,"Yes, Zithara.ai can create AI-generated content for blogs, social media, and emails."
Branding,Does Zithara.ai help with SEO?,"Yes, the platform provides SEO recommendations and AI-driven content optimization."
Branding,Can Zithara.ai assist with influencer marketing?,"Yes, Zithara.ai helps identify and connect with relevant influencers for brand promotion."
Others,Is Zithara.ai secure?,"Yes, Zithara.ai uses advanced encryption and security protocols to protect user data."
Others,What are the pricing plans for Zithara.ai?,Zithara.ai offers flexible pricing plans based on business needs. Contact sales for more details.
Others,Does Zithara.ai provide customer support?,"Yes, Zithara.ai offers 24/7 customer support through chat, email, and phone."
Others,How do I get started with Zithara.ai?,You can sign up on the website and follow the onboarding process to set up your account.
Others,Is there a free trial for Zithara.ai?,"Yes, Zithara.ai offers a free trial for new users to explore the platform's features."
Others,How often does Zithara.ai release updates?,Zithara.ai regularly updates its platform to introduce new features and enhancements.
Others,Can I request a demo before purchasing?,"Yes, you can schedule a free demo with our team to explore the platform."
Others,Does Zithara.ai offer white-label solutions?,"Yes, white-label solutions are available for businesses looking to customize the platform."
Others,Can I use Zithara.ai for small businesses?,"Yes, Zithara.ai offers scalable solutions suitable for businesses of all sizes."
Others,Does Zithara.ai provide analytics?,"Yes, Zithara.ai offers real-time analytics to help businesses track and optimize performance."
Platform,What is Zithara.ai? (More details),Zithara.ai is an AI-driven platform designed to enhance customer engagement and business automation. Contact support for further information.
Integrations,What third-party applications does Zithara.ai integrate with?,"Zithara.ai integrates with CRM, e-commerce, marketing, and communication platforms such as Salesforce, Shopify, and WhatsApp."
Integrations,Can Zithara.ai integrate with my existing CRM?,"Yes, Zithara.ai supports integrations with major CRM platforms like HubSpot, Salesforce, and Zoho CRM."
Integrations,Does Zithara.ai support API integration?,"Yes, Zithara.ai provides RESTful APIs for seamless integration with external systems."
Integrations,Can Zithara.ai work with WhatsApp Business?,"Yes, Zithara.ai offers WhatsApp Business integration for automated messaging and customer engagement."
Integrations,Does Zithara.ai integrate with social media platforms?,"Yes, Zithara.ai connects with Facebook, Instagram, Twitter, and LinkedIn to enhance social media interactions."
Integrations,How do I set up an integration with Zithara.ai?,"You can set up integrations via our dashboard or API documentation, or reach out to our support team for assistance."
Integrations,Can I connect Zithara.ai with my e-commerce store?,"Yes, Zithara.ai integrates with Shopify, WooCommerce, Magento, and other e-commerce platforms."
Integrations,Does Zithara.ai support ERP integrations?,"Yes, Zithara.ai can integrate with ERP systems like SAP, Oracle, and Microsoft Dynamics."
Integrations,Can I automate workflows using Zithara.ai?,"Yes, Zithara.ai enables workflow automation by integrating with tools like Zapier."
Integrations,Does Zithara.ai integrate with payment gateways?,"Yes, the platform supports payment gateways like Stripe, PayPal, and Razorpay for seamless transactions."
Resources,Does Zithara.ai provide learning resources?,"Yes, Zithara.ai offers tutorials, webinars, and documentation to help users get started."
Resources,Where can I find API documentation for Zithara.ai?,API documentation is available on our developer portal for easy integration and development.
Resources,Does Zithara.ai offer case studies?,"Yes, you can explore customer success stories and case studies on our website."
Resources,Are there video tutorials for Zithara.ai?,"Yes, we provide video tutorials and demo walkthroughs for better understanding."
Resources,How do I access the Zithara.ai knowledge base?,You can visit our website's support section to access the knowledge base and FAQs.
Resources,Does Zithara.ai have a community forum?,"Yes, we have an active community forum where users can discuss features and solutions."
Resources,Can I download Zithara.ai user manuals?,"Yes, downloadable user manuals and guides are available on our website."
Resources,Does Zithara.ai offer developer support?,"Yes, we provide dedicated developer support and API documentation for integrations."
Resources,Is there a blog for Zithara.ai updates?,"Yes, our blog features the latest product updates, AI trends, and industry insights."
General,What is a product-based company?,A product-based company develops and sells its own software or physical products to consumers or businesses.
General,How does a product-based company differ from a service-based company?,"Product-based companies create and sell products, while service-based companies provide specialized services to clients."
General,What are some examples of product-based companies?,"Examples include Apple, Google, Microsoft, Tesla, and Adobe."
General,What industries do product-based companies operate in?,"They operate in technology, consumer goods, healthcare, automotive, and various other industries."
General,How do product-based companies generate revenue?,"They generate revenue by selling products, subscriptions, licensing fees, and value-added services."
Product Development,What is the product development lifecycle?,"The product development lifecycle includes ideation, research, prototyping, testing, and launch."
Product Development,How do product-based companies innovate?,"They innovate through research, customer feedback, and continuous iteration."
Product Development,What role does customer feedback play in product development?,Customer feedback helps companies refine features and improve user experience.
Product Development,What is the importance of UI/UX in product development?,UI/UX design ensures user-friendly and visually appealing products that improve customer retention.
Product Development,How do product-based companies handle scalability?,"They use cloud computing, microservices, and scalable infrastructure to accommodate growth."
Sales & Marketing,How do product-based companies market their products?,"They use digital marketing, social media, SEO, paid ads, and influencer partnerships."
Sales & Marketing,What is the role of branding in product-based companies?,Branding helps establish a strong identity and differentiates the product from competitors.
Sales & Marketing,How do product-based companies reach global markets?,"They use online platforms, localization, and international partnerships."
Sales & Marketing,What is SaaS marketing?,SaaS marketing involves promoting software-as-a-service products through inbound and outbound strategies.
Sales & Marketing,How do product-based companies measure marketing success?,"They track key metrics such as conversion rates, customer acquisition costs, and engagement."
Customer Support,How do product-based companies provide customer support?,"They offer live chat, email, phone support, knowledge bases, and AI-driven chatbots."
Customer Support,What is a customer success strategy?,"A customer success strategy ensures customers receive maximum value from a product, leading to long-term retention."
Customer Support,Why is customer feedback important for product improvement?,It helps identify pain points and areas for enhancement.
Customer Support,What are the common customer support tools used?,"Companies use Zendesk, Freshdesk, Intercom, and HubSpot for support management."
Customer Support,How do companies handle negative reviews?,"They address concerns promptly, offer solutions, and improve product quality."
Hiring & Culture,What skills are required to work in a product-based company?,"Skills include coding, problem-solving, UX design, product management, and data analysis."
Hiring & Culture,How do product-based companies hire talent?,"They use online job portals, campus recruitment, hackathons, and referrals."
Hiring & Culture,What is the work culture like in a product-based company?,"It is innovation-driven, fast-paced, and focused on problem-solving."
Hiring & Culture,How do product-based companies retain employees?,"They offer career growth, work-life balance, stock options, and competitive salaries."
Hiring & Culture,Do product-based companies offer remote work opportunities?,"Yes, many companies now offer hybrid or remote work options."
General,What is a product-based company? (More insights),A product-based company develops and sells its own software or physical products to consumers or businesses. Contact our support for further details.
General,What is an e-commerce platform?,An e-commerce platform is an online system that allows businesses to sell products or services over the internet.
General,What are the benefits of using an e-commerce service?,"E-commerce services provide convenience, global reach, and 24/7 availability for customers."
General,How do I start an online store?,"You can start an online store by choosing an e-commerce platform, setting up products, and marketing your store."
General,What payment methods do e-commerce platforms accept?,"Most platforms accept credit/debit cards, PayPal, digital wallets, and bank transfers."
General,How secure are e-commerce transactions?,"E-commerce platforms use SSL encryption, fraud detection, and secure payment gateways to ensure transaction security."
Orders & Shipping,How can I track my order?,You can track your order by using the tracking number provided in your order confirmation email.
Orders & Shipping,How long does shipping take?,"Shipping times vary based on location and delivery method, typically ranging from 2 to 7 days."
Orders & Shipping,Can I change my shipping address after placing an order?,"In most cases, address changes can be made before the order is shipped. Contact customer support for assistance."
Orders & Shipping,Do you offer international shipping?,"Yes, we offer international shipping to multiple countries. Shipping charges may apply based on destination."
Orders & Shipping,What are the shipping costs?,"Shipping costs depend on the order value, location, and selected shipping method."
Returns & Refunds,What is your return policy?,"Our return policy allows returns within 30 days of purchase, provided the item is in original condition."
Returns & Refunds,How do I request a refund?,You can request a refund by submitting a return request through your account or contacting customer support.
Returns & Refunds,How long does it take to process a refund?,Refunds typically take 5-7 business days after the returned item is received and inspected.
Returns & Refunds,Can I return an item if it is damaged?,"Yes, if your item arrives damaged, contact our support team for a replacement or refund."
Returns & Refunds,Are there items that cannot be returned?,"Some items, such as perishable goods and personalized products, are not eligible for return."
Payments & Security,Is my payment information secure?,"Yes, we use encrypted payment gateways to ensure your transactions are secure."
Payments & Security,Do you accept installment payments?,"Yes, we offer installment payments through selected payment partners."
Payments & Security,What should I do if my payment fails?,"Ensure your payment details are correct, or try using a different payment method."
Payments & Security,Can I save my payment details for future purchases?,"Yes, you can securely save your payment details for a faster checkout experience."
Payments & Security,How can I prevent fraud while shopping online?,"Always shop on secure websites, avoid sharing sensitive information, and enable two-factor authentication."
Customer Support,How do I contact customer service?,"You can contact us via live chat, email, or phone support for assistance."
Customer Support,What are your customer service hours?,Our customer support is available 24/7 to assist with any inquiries.
Customer Support,Can I cancel my order after placing it?,Order cancellations are possible before the order is shipped. Contact support for help.
Customer Support,How do I report an issue with my order?,You can report issues through your account dashboard or by reaching out to our support team.
Customer Support,Do you offer live chat support?,"Yes, we offer live chat support to assist you in real-time."
General,What is an e-commerce platform? (More details),An e-commerce platform is an online system that allows businesses to sell products or services over the internet. Please check our help center for further information.
Product & Inventory,How do I check if an item is in stock?,You can check stock availability on the product page or contact our support team.
Product & Inventory,Can I pre-order items that are out of stock?,"Yes, pre-orders are available for selected products. You will be notified once they are back in stock."
Product & Inventory,How often do you update your inventory?,Our inventory is updated in real-time to ensure accurate stock availability.
Product & Inventory,Can I request a custom order?,"Yes, for certain products, custom orders can be placed through our website."
Product & Inventory,Do you offer bulk purchasing discounts?,"Yes, we provide discounts for bulk purchases. Contact sales for more details."
Account & Membership,Do I need an account to place an order?,"No, you can checkout as a guest, but having an account allows you to track orders and receive special offers."
Account & Membership,How do I create an account?,You can create an account by signing up with your email and setting a password.
Account & Membership,How do I reset my password?,Click on 'Forgot Password' at login and follow the instructions to reset your password.
Account & Membership,Can I delete my account?,"Yes, you can request account deletion by contacting our customer support team."
Account & Membership,Do you offer a loyalty program?,"Yes, we offer a rewards program for frequent shoppers. Earn points for discounts and exclusive deals."
Delivery & Pickup,Do you offer same-day delivery?,"Yes, same-day delivery is available for selected locations and products."
Delivery & Pickup,Can I schedule a delivery for a specific date?,"Yes, you can choose a preferred delivery date during checkout."
Delivery & Pickup,What happens if I miss my delivery?,Our courier partner will attempt delivery again or leave instructions for pickup.
Delivery & Pickup,Do you offer in-store pickup?,"Yes, you can select 'Store Pickup' during checkout if the option is available."
Delivery & Pickup,Can I change my delivery method after placing an order?,"Yes, you can modify your delivery preferences before the order is shipped."
Technical Support,Why am I unable to add items to my cart?,Ensure you are logged in and the item is in stock. Try clearing your browser cache.
Technical Support,How do I report a website bug?,You can report issues through our contact page or email our support team.
Technical Support,Is my personal data safe on your website?,"Yes, we follow strict security protocols to protect customer data."
Technical Support,Do you have a mobile app?,"Yes, our mobile app is available for iOS and Android devices."
Technical Support,How do I update my billing information?,You can update billing details from your account settings.
Product & Inventory,How do I check if an item is in stock? (Further details),You can check stock availability on the product page or contact our support team. Please reach out to customer support for additional assistance.
Product Innovation,How do product-based companies ensure innovation?,"They invest in research and development, customer feedback, and market analysis."
Product Innovation,What is the role of patents in a product-based company?,"Patents protect unique innovations, giving companies a competitive edge."
Product Innovation,How do companies test new product ideas?,"They conduct surveys, prototypes, A/B testing, and market research."
Product Innovation,What are MVPs in product development?,A Minimum Viable Product (MVP) is a basic version of a product to test its viability.
Product Innovation,How do companies handle product failures?,"They analyze customer feedback, iterate improvements, and relaunch if necessary."
Product Lifecycle,What are the stages of a product lifecycle?,"The stages include introduction, growth, maturity, and decline."
Product Lifecycle,How do companies determine product-market fit?,"They analyze customer needs, user engagement, and revenue growth."
Product Lifecycle,What is a go-to-market strategy?,It is a plan to launch and promote a new product effectively in the market.
Product Lifecycle,Why do some products get discontinued?,"Low demand, high production costs, or market saturation can lead to discontinuation."
Product Lifecycle,How do companies extend a product’s lifecycle?,"Through updates, rebranding, marketing campaigns, and feature enhancements."
Technology & Scalability,How do product-based companies scale their infrastructure?,"They use cloud services, microservices, and distributed databases."
Technology & Scalability,What is the importance of APIs in product-based companies?,"APIs enable integration with other platforms, expanding product capabilities."
Technology & Scalability,How do companies ensure high product availability?,"By implementing load balancing, failover systems, and redundancy."
Technology & Scalability,What role does DevOps play in a product-based company?,"DevOps streamlines development, testing, and deployment for faster releases."
Technology & Scalability,How do companies handle sudden spikes in user traffic?,By using scalable cloud architecture and auto-scaling features.
Competition & Branding,How do product-based companies differentiate themselves?,"Through unique features, strong branding, and superior customer experience."
Competition & Branding,What is the importance of brand loyalty?,Brand loyalty ensures repeat customers and long-term business success.
Competition & Branding,How do companies protect their brand identity?,"They use trademarks, copyrights, and consistent branding strategies."
Competition & Branding,What role does storytelling play in product marketing?,Storytelling helps create an emotional connection with customers.
Competition & Branding,How do companies handle competition from new startups?,By innovating continuously and improving customer engagement strategies.
Customer Experience,Why is user experience (UX) important in product design?,"Good UX improves customer satisfaction, retention, and sales."
Customer Experience,How do companies collect user feedback?,"Through surveys, analytics, social media, and customer support channels."
Customer Experience,What is the importance of beta testing?,Beta testing helps identify issues before a full product launch.
Customer Experience,How do companies handle negative product reviews?,"By addressing concerns, offering solutions, and improving product quality."
Customer Experience,How do companies personalize customer experiences?,"Using AI-driven recommendations, personalized marketing, and user behavior analysis."
Product Innovation,How do product-based companies ensure innovation? (Detailed explanation),"They invest in research and development, customer feedback, and market analysis. Contact our product team for further insights."
Product Feedback,How satisfied are you with the product quality?,We value your feedback to improve our products.
Product Feedback,What features would you like to see in future updates?,Your suggestions help us innovate better products.
Product Feedback,Did the product meet your expectations?,We strive to provide the best experience possible.
Product Feedback,How would you rate the usability of the product?,"Ease of use is our priority, and your feedback helps."
Product Feedback,What improvements would you suggest for this product?,We welcome constructive feedback to enhance our offerings.
Customer Support Feedback,How satisfied are you with our customer support?,Your feedback helps us improve our service quality.
Customer Support Feedback,Was your issue resolved in a timely manner?,We aim to provide fast and efficient support.
Customer Support Feedback,How likely are you to recommend our support team?,Your recommendations help us grow and improve.
Customer Support Feedback,What can we do to enhance our customer service?,We are always looking to improve based on customer needs.
Customer Support Feedback,Did you find our support resources helpful?,Let us know if we can add more useful resources.
User Experience,How easy was it to navigate our website/app?,We aim to make our platform as user-friendly as possible.
User Experience,Did you face any difficulties using our product?,Your feedback helps us enhance user experience.
User Experience,What do you like most about our product?,Knowing what you enjoy helps us improve further.
User Experience,Would you purchase from us again?,We strive to create long-term relationships with our customers.
User Experience,How visually appealing do you find our platform?,A good design enhances the overall user experience.
Pricing & Value,Do you think the product is priced fairly?,We aim to provide the best value for our customers.
Pricing & Value,Would you consider our product a good investment?,Customer satisfaction is our top priority.
Pricing & Value,How do you feel about the pricing compared to competitors?,We strive to offer competitive pricing.
Pricing & Value,Would you be willing to pay more for additional features?,Your input helps us shape future pricing strategies.
Pricing & Value,Do you think we offer good discounts and promotions?,We always aim to provide the best deals for our customers.
Loyalty & Recommendation,Would you recommend our product to others?,Your recommendations mean a lot to us.
Loyalty & Recommendation,How likely are you to return for another purchase?,We aim to keep our customers happy and coming back.
Loyalty & Recommendation,What would encourage you to refer a friend?,Referral programs help us grow together with our customers.
Loyalty & Recommendation,How can we improve our loyalty rewards?,We value our loyal customers and their input.
Loyalty & Recommendation,What keeps you engaged with our brand?,Understanding this helps us create better experiences.
Product Feedback,How satisfied are you with the product quality? (Your detailed feedback is appreciated),We value your feedback to improve our products. Please share your thoughts for continuous improvement.
General,What is a Customer Data Platform (CDP)?,"A CDP is a software that collects, integrates, and organizes customer data from multiple sources."
General,How does a CDP differ from a CRM?,"A CRM focuses on customer interactions, while a CDP unifies data from various sources for a complete customer view."
General,What are the key benefits of using a CDP?,"CDPs provide personalized marketing, data unification, and improved customer insights."
General,Who typically uses a CDP?,"Marketing teams, data analysts, and customer service teams benefit from CDPs."
Data Management,How does a CDP collect data?,"It collects data from websites, mobile apps, CRM, social media, and other platforms."
Data Management,Is customer data stored securely in a CDP?,"Yes, CDPs follow strict data security protocols and compliance measures."
Data Management,Can a CDP integrate with other marketing tools?,"Yes, most CDPs integrate with analytics, email marketing, and automation tools."
Data Management,What type of data does a CDP handle?,"CDPs manage behavioral, transactional, and demographic data."
Personalization,How does a CDP help with customer segmentation?,CDPs categorize customers based on behaviors and preferences for targeted marketing.
Personalization,Can a CDP improve customer engagement?,"Yes, it enables personalized experiences based on customer insights."
Personalization,How does a CDP help with predictive analytics?,It uses AI and machine learning to predict customer behaviors and trends.
Personalization,Can a CDP be used for omnichannel marketing?,"Yes, CDPs create seamless experiences across multiple customer touchpoints."
Compliance & Privacy,Is a CDP GDPR and CCPA compliant?,Most CDPs offer compliance features to meet data privacy regulations.
Compliance & Privacy,How does a CDP handle customer consent management?,CDPs store and manage customer consent preferences for data usage.
Compliance & Privacy,Can a customer request data deletion from a CDP?,"Yes, CDPs support data access and deletion requests."
Implementation,How long does it take to implement a CDP?,Implementation time varies but typically takes a few weeks to months.
Implementation,Does a CDP require technical expertise to set up?,"Some CDPs require IT support, while others are user-friendly for marketing teams."
Implementation,How do companies measure the success of a CDP?,"Success is measured by improved customer retention, engagement, and ROI."
Implementation,What industries benefit most from a CDP?,"Retail, e-commerce, finance, and healthcare companies use CDPs extensively."
